"State","County"
AL,001
AL,003
AL,005
AL,007
AL,009
AL,011
AL,013
AL,015
AL,017
AL,019
AL,021
AL,023
AL,025
AL,027
AL,029
AL,031
AL,033
AL,035
AL,037
AL,039
AL,041
AL,043
AL,045
AL,047
AL,049
AL,051
AL,053
AL,055
AL,057
AL,059
AL,061
AL,063
AL,065
AL,067
AL,069
AL,071
AL,073
AL,075
AL,077
AL,079
AL,081
AL,083
AL,085
AL,087
AL,089
AL,091
AL,093
AL,095
AL,097
AL,099
AL,101
AL,103
AL,105
AL,107
AL,109
AL,111
AL,113
AL,115
AL,117
AL,119
AL,121
AL,123
AL,125
AL,127
AL,129
AL,131
AL,133
AL,999
AK,013
AK,016
AK,020
AK,050
AK,060
AK,068
AK,070
AK,090
AK,100
AK,105
AK,110
AK,122
AK,130
AK,150
AK,164
AK,170
AK,180
AK,185
AK,188
AK,195
AK,198
AK,201
AK,220
AK,230
AK,231
AK,232
AK,240
AK,261
AK,270
AK,275
AK,280
AK,282
AK,290
AK,900
AK,999
AZ,001
AZ,003
AZ,005
AZ,007
AZ,009
AZ,011
AZ,013
AZ,015
AZ,017
AZ,019
AZ,021
AZ,023
AZ,025
AZ,012
AZ,027
AZ,910
AZ,999
AR,001
AR,003
AR,005
AR,007
AR,009
AR,011
AR,013
AR,015
AR,017
AR,019
AR,021
AR,023
AR,025
AR,027
AR,029
AR,031
AR,033
AR,035
AR,037
AR,039
AR,041
AR,043
AR,045
AR,047
AR,049
AR,051
AR,053
AR,055
AR,057
AR,059
AR,061
AR,063
AR,065
AR,067
AR,069
AR,071
AR,073
AR,075
AR,077
AR,079
AR,081
AR,083
AR,085
AR,087
AR,089
AR,091
AR,093
AR,095
AR,097
AR,099
AR,101
AR,103
AR,105
AR,107
AR,109
AR,111
AR,113
AR,115
AR,117
AR,119
AR,121
AR,123
AR,125
AR,127
AR,129
AR,131
AR,133
AR,135
AR,137
AR,139
AR,141
AR,143
AR,145
AR,147
AR,149
AR,999
CA,001
GC,001
LO,001
GB,001
CA,003
GC,003
LO,003
GB,003
CA,005
GC,005
LO,005
GB,005
CA,007
GC,007
LO,007
GB,007
CA,009
GC,009
LO,009
GB,009
CA,011
GC,011
LO,011
GB,011
CA,013
GC,013
LO,013
GB,013
CA,015
GC,015
LO,015
GB,015
CA,017
GC,017
LO,017
GB,017
CA,019
GC,019
LO,019
GB,019
CA,021
GC,021
LO,021
GB,021
CA,023
GC,023
LO,023
GB,023
CA,025
GC,025
LO,025
GB,025
CA,027
GC,027
LO,027
GB,027
CA,029
GC,029
LO,029
GB,029
CA,031
GC,031
LO,031
GB,031
CA,033
GC,033
LO,033
GB,033
CA,035
GC,035
LO,035
GB,035
CA,037
GC,037
LO,037
GB,037
CA,039
GC,039
LO,039
GB,039
CA,041
GC,041
LO,041
GB,041
CA,043
GC,043
LO,043
GB,043
CA,045
GC,045
LO,045
GB,045
CA,047
GC,047
LO,047
GB,047
CA,049
GC,049
LO,049
GB,049
CA,051
GC,051
LO,051
GB,051
CA,053
GC,053
LO,053
GB,053
CA,055
GC,055
LO,055
GB,055
CA,057
GC,057
LO,057
GB,057
CA,059
GC,059
LO,059
GB,059
CA,061
GC,061
LO,061
GB,061
CA,063
GC,063
LO,063
GB,063
CA,065
GC,065
LO,065
GB,065
CA,067
GC,067
LO,067
GB,067
CA,069
GC,069
LO,069
GB,069
CA,071
GC,071
LO,071
GB,071
CA,073
GC,073
LO,073
GB,073
CA,075
GC,075
LO,075
GB,075
CA,077
GC,077
LO,077
GB,077
CA,079
GC,079
LO,079
GB,079
CA,081
GC,081
LO,081
GB,081
CA,083
GC,083
LO,083
GB,083
CA,085
GC,085
LO,085
GB,085
CA,087
GC,087
LO,087
GB,087
CA,089
GC,089
LO,089
GB,089
CA,091
GC,091
LO,091
GB,091
CA,093
GC,093
LO,093
GB,093
CA,095
GC,095
LO,095
GB,095
CA,097
GC,097
LO,097
GB,097
CA,099
GC,099
LO,099
GB,099
CA,101
GC,101
LO,101
GB,101
CA,103
GC,103
LO,103
GB,103
CA,105
GC,105
LO,105
GB,105
CA,107
GC,107
LO,107
GB,107
CA,109
GC,109
LO,109
GB,109
CA,111
GC,111
LO,111
GB,111
CA,113
GC,113
LO,113
GB,113
CA,115
GC,115
LO,115
GB,115
CA,006
GC,006
LO,006
GB,006
CA,999
GC,999
LO,999
GB,999
CO,001
CO,003
CO,005
CO,007
CO,009
CO,011
CO,014
CO,015
CO,017
CO,019
CO,021
CO,023
CO,025
CO,027
CO,029
CO,031
CO,033
CO,035
CO,037
CO,039
CO,041
CO,043
CO,045
CO,047
CO,049
CO,051
CO,053
CO,055
CO,057
CO,061
CO,063
CO,065
CO,067
CO,069
CO,071
CO,073
CO,075
CO,077
CO,079
CO,081
CO,083
CO,085
CO,087
CO,089
CO,091
CO,093
CO,095
CO,097
CO,099
CO,101
CO,103
CO,105
CO,107
CO,109
CO,111
CO,113
CO,115
CO,117
CO,119
CO,121
CO,125
CO,013
CO,059
CO,123
CO,910
CO,999
CT,001
CT,003
CT,005
CT,007
CT,009
CT,011
CT,013
CT,015
CT,999
DE,001
DE,003
DE,005
DE,999
DC,001
FL,001
FL,003
FL,005
FL,007
FL,009
FL,011
FL,013
FL,015
FL,017
FL,019
FL,021
FL,023
FL,025
FL,027
FL,029
FL,031
FL,033
FL,035
FL,037
FL,039
FL,041
FL,043
FL,045
FL,047
FL,049
FL,051
FL,053
FL,055
FL,057
FL,059
FL,061
FL,063
FL,065
FL,067
FL,069
FL,071
FL,073
FL,075
FL,077
FL,079
FL,081
FL,083
FL,085
FL,086
FL,087
FL,089
FL,091
FL,093
FL,095
FL,097
FL,099
FL,101
FL,103
FL,105
FL,107
FL,109
FL,111
FL,113
FL,115
FL,117
FL,119
FL,121
FL,123
FL,125
FL,127
FL,129
FL,131
FL,133
FL,999
GA,001
AT,001
GA,003
AT,003
GA,005
AT,005
GA,007
AT,007
GA,009
AT,009
GA,011
AT,011
GA,013
AT,013
GA,015
AT,015
GA,017
AT,017
GA,019
AT,019
GA,021
AT,021
GA,023
AT,023
GA,025
AT,025
GA,027
AT,027
GA,029
AT,029
GA,031
AT,031
GA,033
AT,033
GA,035
AT,035
GA,037
AT,037
GA,039
AT,039
GA,043
AT,043
GA,045
AT,045
GA,047
AT,047
GA,049
AT,049
GA,051
AT,051
GA,053
AT,053
GA,055
AT,055
GA,057
AT,057
GA,059
AT,059
GA,061
AT,061
GA,063
AT,063
GA,065
AT,065
GA,067
AT,067
GA,069
AT,069
GA,071
AT,071
GA,073
AT,073
GA,075
AT,075
GA,077
AT,077
GA,079
AT,079
GA,081
AT,081
GA,083
AT,083
GA,085
AT,085
GA,087
AT,087
GA,089
AT,089
GA,091
AT,091
GA,093
AT,093
GA,095
AT,095
GA,097
AT,097
GA,099
AT,099
GA,101
AT,101
GA,103
AT,103
GA,105
AT,105
GA,107
AT,107
GA,109
AT,109
GA,111
AT,111
GA,113
AT,113
GA,115
AT,115
GA,117
AT,117
GA,119
AT,119
GA,121
AT,121
GA,123
AT,123
GA,125
AT,125
GA,127
AT,127
GA,129
AT,129
GA,131
AT,131
GA,133
AT,133
GA,135
AT,135
GA,137
AT,137
GA,139
AT,139
GA,141
AT,141
GA,143
AT,143
GA,145
AT,145
GA,147
AT,147
GA,149
AT,149
GA,151
AT,151
GA,153
AT,153
GA,155
AT,155
GA,157
AT,157
GA,159
AT,159
GA,161
AT,161
GA,163
AT,163
GA,165
AT,165
GA,167
AT,167
GA,169
AT,169
GA,171
AT,171
GA,173
AT,173
GA,175
AT,175
GA,177
AT,177
GA,179
AT,179
GA,181
AT,181
GA,183
AT,183
GA,185
AT,185
GA,187
AT,187
GA,189
AT,189
GA,191
AT,191
GA,193
AT,193
GA,195
AT,195
GA,197
AT,197
GA,199
AT,199
GA,201
AT,201
GA,205
AT,205
GA,207
AT,207
GA,209
AT,209
GA,211
AT,211
GA,213
AT,213
GA,215
AT,215
GA,217
AT,217
GA,219
AT,219
GA,221
AT,221
GA,223
AT,223
GA,225
AT,225
GA,227
AT,227
GA,229
AT,229
GA,231
AT,231
GA,233
AT,233
GA,235
AT,235
GA,237
AT,237
GA,239
AT,239
GA,241
AT,241
GA,243
AT,243
GA,245
AT,245
GA,247
AT,247
GA,249
AT,249
GA,251
AT,251
GA,253
AT,253
GA,255
AT,255
GA,257
AT,257
GA,259
AT,259
GA,261
AT,261
GA,263
AT,263
GA,265
AT,265
GA,267
AT,267
GA,269
AT,269
GA,271
AT,271
GA,273
AT,273
GA,275
AT,275
GA,277
AT,277
GA,279
AT,279
GA,281
AT,281
GA,283
AT,283
GA,285
AT,285
GA,287
AT,287
GA,289
AT,289
GA,291
AT,291
GA,293
AT,293
GA,295
AT,295
GA,297
AT,297
GA,299
AT,299
GA,301
AT,301
GA,303
AT,303
GA,305
AT,305
GA,307
AT,307
GA,309
AT,309
GA,311
AT,311
GA,313
AT,313
GA,315
AT,315
GA,317
AT,317
GA,319
AT,319
GA,321
AT,321
GA,999
AT,999
HI,001
HI,003
HI,005
HI,007
HI,009
HI,900
HI,999
ID,001
ID,003
ID,005
ID,007
ID,009
ID,011
ID,013
ID,015
ID,017
ID,019
ID,021
ID,023
ID,025
ID,027
ID,029
ID,031
ID,033
ID,035
ID,037
ID,039
ID,041
ID,043
ID,045
ID,047
ID,049
ID,051
ID,053
ID,055
ID,057
ID,059
ID,061
ID,063
ID,065
ID,067
ID,069
ID,071
ID,073
ID,075
ID,077
ID,079
ID,081
ID,083
ID,085
ID,087
ID,999
IL,001
IL,003
IL,005
IL,007
IL,009
IL,011
IL,013
IL,015
IL,017
IL,019
IL,021
IL,023
IL,025
IL,027
IL,029
IL,031
IL,033
IL,035
IL,037
IL,039
IL,041
IL,043
IL,045
IL,047
IL,049
IL,051
IL,053
IL,055
IL,057
IL,059
IL,061
IL,063
IL,065
IL,067
IL,069
IL,071
IL,073
IL,075
IL,077
IL,079
IL,081
IL,083
IL,085
IL,087
IL,089
IL,091
IL,093
IL,095
IL,097
IL,099
IL,101
IL,103
IL,105
IL,107
IL,109
IL,111
IL,113
IL,115
IL,117
IL,119
IL,121
IL,123
IL,125
IL,127
IL,129
IL,131
IL,133
IL,135
IL,137
IL,139
IL,141
IL,143
IL,145
IL,147
IL,149
IL,151
IL,153
IL,155
IL,157
IL,159
IL,161
IL,163
IL,165
IL,167
IL,169
IL,171
IL,173
IL,175
IL,177
IL,179
IL,181
IL,183
IL,185
IL,187
IL,189
IL,191
IL,193
IL,195
IL,197
IL,199
IL,201
IL,203
IL,999
IN,001
IN,003
IN,005
IN,007
IN,009
IN,011
IN,013
IN,015
IN,017
IN,019
IN,021
IN,023
IN,025
IN,027
IN,029
IN,031
IN,033
IN,035
IN,037
IN,039
IN,041
IN,043
IN,045
IN,047
IN,049
IN,051
IN,053
IN,055
IN,057
IN,059
IN,061
IN,063
IN,065
IN,067
IN,069
IN,071
IN,073
IN,075
IN,077
IN,079
IN,081
IN,083
IN,085
IN,087
IN,089
IN,091
IN,093
IN,095
IN,097
IN,099
IN,101
IN,103
IN,105
IN,107
IN,109
IN,111
IN,113
IN,115
IN,117
IN,119
IN,121
IN,123
IN,125
IN,127
IN,129
IN,131
IN,133
IN,135
IN,137
IN,139
IN,141
IN,143
IN,145
IN,147
IN,149
IN,151
IN,153
IN,155
IN,157
IN,159
IN,161
IN,163
IN,165
IN,167
IN,169
IN,171
IN,173
IN,175
IN,177
IN,179
IN,181
IN,183
IN,999
IA,001
IA,003
IA,005
IA,007
IA,009
IA,011
IA,013
IA,015
IA,017
IA,019
IA,021
IA,023
IA,025
IA,027
IA,029
IA,031
IA,033
IA,035
IA,037
IA,039
IA,041
IA,043
IA,045
IA,047
IA,049
IA,051
IA,053
IA,055
IA,057
IA,059
IA,061
IA,063
IA,065
IA,067
IA,069
IA,071
IA,073
IA,075
IA,077
IA,079
IA,081
IA,083
IA,085
IA,087
IA,089
IA,091
IA,093
IA,095
IA,097
IA,099
IA,101
IA,103
IA,105
IA,107
IA,109
IA,111
IA,113
IA,115
IA,117
IA,119
IA,121
IA,123
IA,125
IA,127
IA,129
IA,131
IA,133
IA,135
IA,137
IA,139
IA,141
IA,143
IA,145
IA,147
IA,149
IA,151
IA,153
IA,155
IA,157
IA,159
IA,161
IA,163
IA,165
IA,167
IA,169
IA,171
IA,173
IA,175
IA,177
IA,179
IA,181
IA,183
IA,185
IA,187
IA,189
IA,191
IA,193
IA,195
IA,197
IA,999
KS,001
KS,003
KS,005
KS,007
KS,009
KS,011
KS,013
KS,015
KS,017
KS,019
KS,021
KS,023
KS,025
KS,027
KS,029
KS,031
KS,033
KS,035
KS,037
KS,039
KS,041
KS,043
KS,045
KS,047
KS,049
KS,051
KS,053
KS,055
KS,057
KS,059
KS,061
KS,063
KS,065
KS,067
KS,069
KS,071
KS,073
KS,075
KS,077
KS,079
KS,081
KS,083
KS,085
KS,087
KS,089
KS,091
KS,093
KS,095
KS,097
KS,099
KS,101
KS,103
KS,105
KS,107
KS,109
KS,111
KS,113
KS,115
KS,117
KS,119
KS,121
KS,123
KS,125
KS,127
KS,129
KS,131
KS,133
KS,135
KS,137
KS,139
KS,141
KS,143
KS,145
KS,147
KS,149
KS,151
KS,153
KS,155
KS,157
KS,159
KS,161
KS,163
KS,165
KS,167
KS,169
KS,171
KS,173
KS,175
KS,177
KS,179
KS,181
KS,183
KS,185
KS,187
KS,189
KS,191
KS,193
KS,195
KS,197
KS,199
KS,201
KS,203
KS,205
KS,207
KS,209
KS,999
KY,001
KY,003
KY,005
KY,007
KY,009
KY,011
KY,013
KY,015
KY,017
KY,019
KY,021
KY,023
KY,025
KY,027
KY,029
KY,031
KY,033
KY,035
KY,037
KY,039
KY,041
KY,043
KY,045
KY,047
KY,049
KY,051
KY,053
KY,055
KY,057
KY,059
KY,061
KY,063
KY,065
KY,067
KY,069
KY,071
KY,073
KY,075
KY,077
KY,079
KY,081
KY,083
KY,085
KY,087
KY,089
KY,091
KY,093
KY,095
KY,097
KY,099
KY,101
KY,103
KY,105
KY,107
KY,109
KY,111
KY,113
KY,115
KY,117
KY,119
KY,121
KY,123
KY,125
KY,127
KY,129
KY,131
KY,133
KY,135
KY,137
KY,139
KY,141
KY,143
KY,145
KY,147
KY,149
KY,151
KY,153
KY,155
KY,157
KY,159
KY,161
KY,163
KY,165
KY,167
KY,169
KY,171
KY,173
KY,175
KY,177
KY,179
KY,181
KY,183
KY,185
KY,187
KY,189
KY,191
KY,193
KY,195
KY,197
KY,199
KY,201
KY,203
KY,205
KY,207
KY,209
KY,211
KY,213
KY,215
KY,217
KY,219
KY,221
KY,223
KY,225
KY,227
KY,229
KY,231
KY,233
KY,235
KY,237
KY,239
KY,999
LA,001
LA,003
LA,005
LA,007
LA,009
LA,011
LA,013
LA,015
LA,017
LA,019
LA,021
LA,023
LA,025
LA,027
LA,029
LA,031
LA,033
LA,035
LA,037
LA,039
LA,041
LA,043
LA,045
LA,047
LA,049
LA,051
LA,053
LA,055
LA,057
LA,059
LA,061
LA,063
LA,065
LA,067
LA,069
LA,071
LA,073
LA,075
LA,077
LA,079
LA,081
LA,083
LA,085
LA,087
LA,089
LA,091
LA,093
LA,095
LA,097
LA,099
LA,101
LA,103
LA,105
LA,107
LA,109
LA,111
LA,113
LA,115
LA,117
LA,119
LA,121
LA,123
LA,125
LA,127
LA,999
ME,001
ME,003
ME,005
ME,007
ME,009
ME,011
ME,013
ME,015
ME,017
ME,019
ME,021
ME,023
ME,025
ME,027
ME,029
ME,031
ME,999
MD,001
MD,003
MD,005
MD,009
MD,011
MD,013
MD,015
MD,017
MD,019
MD,021
MD,023
MD,025
MD,027
MD,029
MD,031
MD,033
MD,035
MD,037
MD,039
MD,041
MD,043
MD,045
MD,047
MD,510
MD,999
MA,001
MA,003
MA,005
MA,007
MA,009
MA,011
MA,013
MA,015
MA,017
MA,019
MA,021
MA,023
MA,025
MA,027
MA,999
MI,001
DT,001
MI,003
DT,003
MI,005
DT,005
MI,007
DT,007
MI,009
DT,009
MI,011
DT,011
MI,013
DT,013
MI,015
DT,015
MI,017
DT,017
MI,019
DT,019
MI,021
DT,021
MI,023
DT,023
MI,025
DT,025
MI,027
DT,027
MI,029
DT,029
MI,031
DT,031
MI,033
DT,033
MI,035
DT,035
MI,037
DT,037
MI,039
DT,039
MI,041
DT,041
MI,043
DT,043
MI,045
DT,045
MI,047
DT,047
MI,049
DT,049
MI,051
DT,051
MI,053
DT,053
MI,055
DT,055
MI,057
DT,057
MI,059
DT,059
MI,061
DT,061
MI,063
DT,063
MI,065
DT,065
MI,067
DT,067
MI,069
DT,069
MI,071
DT,071
MI,073
DT,073
MI,075
DT,075
MI,077
DT,077
MI,079
DT,079
MI,081
DT,081
MI,083
DT,083
MI,085
DT,085
MI,087
DT,087
MI,089
DT,089
MI,091
DT,091
MI,093
DT,093
MI,095
DT,095
MI,097
DT,097
MI,099
DT,099
MI,101
DT,101
MI,103
DT,103
MI,105
DT,105
MI,107
DT,107
MI,109
DT,109
MI,111
DT,111
MI,113
DT,113
MI,115
DT,115
MI,117
DT,117
MI,119
DT,119
MI,121
DT,121
MI,123
DT,123
MI,125
DT,125
MI,127
DT,127
MI,129
DT,129
MI,131
DT,131
MI,133
DT,133
MI,135
DT,135
MI,137
DT,137
MI,139
DT,139
MI,141
DT,141
MI,143
DT,143
MI,145
DT,145
MI,147
DT,147
MI,149
DT,149
MI,151
DT,151
MI,153
DT,153
MI,155
DT,155
MI,157
DT,157
MI,159
DT,159
MI,161
DT,161
MI,163
DT,163
MI,165
DT,165
MI,999
DT,999
MN,001
MN,003
MN,005
MN,007
MN,009
MN,011
MN,013
MN,015
MN,017
MN,019
MN,021
MN,023
MN,025
MN,027
MN,029
MN,031
MN,033
MN,035
MN,037
MN,039
MN,041
MN,043
MN,045
MN,047
MN,049
MN,051
MN,053
MN,055
MN,057
MN,059
MN,061
MN,063
MN,065
MN,067
MN,069
MN,071
MN,073
MN,075
MN,077
MN,079
MN,081
MN,083
MN,085
MN,087
MN,089
MN,091
MN,093
MN,095
MN,097
MN,099
MN,101
MN,103
MN,105
MN,107
MN,109
MN,111
MN,113
MN,115
MN,117
MN,119
MN,121
MN,123
MN,125
MN,127
MN,129
MN,131
MN,133
MN,135
MN,137
MN,139
MN,141
MN,143
MN,145
MN,147
MN,149
MN,151
MN,153
MN,155
MN,157
MN,159
MN,161
MN,163
MN,165
MN,167
MN,169
MN,171
MN,173
MN,999
MS,001
MS,003
MS,005
MS,007
MS,009
MS,011
MS,013
MS,015
MS,017
MS,019
MS,021
MS,023
MS,025
MS,027
MS,029
MS,031
MS,033
MS,035
MS,037
MS,039
MS,041
MS,043
MS,045
MS,047
MS,049
MS,051
MS,053
MS,055
MS,057
MS,059
MS,061
MS,063
MS,065
MS,067
MS,069
MS,071
MS,073
MS,075
MS,077
MS,079
MS,081
MS,083
MS,085
MS,087
MS,089
MS,091
MS,093
MS,095
MS,097
MS,099
MS,101
MS,103
MS,105
MS,107
MS,109
MS,111
MS,113
MS,115
MS,117
MS,119
MS,121
MS,123
MS,125
MS,127
MS,129
MS,131
MS,133
MS,135
MS,137
MS,139
MS,141
MS,143
MS,145
MS,147
MS,149
MS,151
MS,153
MS,155
MS,157
MS,159
MS,161
MS,163
MS,999
MO,001
MO,003
MO,005
MO,007
MO,009
MO,011
MO,013
MO,015
MO,017
MO,019
MO,021
MO,023
MO,025
MO,027
MO,029
MO,031
MO,033
MO,035
MO,037
MO,039
MO,041
MO,043
MO,045
MO,047
MO,049
MO,051
MO,053
MO,055
MO,057
MO,059
MO,061
MO,063
MO,065
MO,067
MO,069
MO,071
MO,073
MO,075
MO,077
MO,079
MO,081
MO,083
MO,085
MO,087
MO,089
MO,091
MO,093
MO,095
MO,097
MO,099
MO,101
MO,103
MO,105
MO,107
MO,109
MO,111
MO,113
MO,115
MO,117
MO,119
MO,121
MO,123
MO,125
MO,127
MO,129
MO,131
MO,133
MO,135
MO,137
MO,139
MO,141
MO,143
MO,145
MO,147
MO,149
MO,151
MO,153
MO,155
MO,157
MO,159
MO,161
MO,163
MO,165
MO,167
MO,169
MO,171
MO,173
MO,175
MO,177
MO,179
MO,181
MO,183
MO,185
MO,186
MO,187
MO,189
MO,195
MO,197
MO,199
MO,201
MO,203
MO,205
MO,207
MO,209
MO,211
MO,213
MO,215
MO,217
MO,219
MO,221
MO,223
MO,225
MO,227
MO,229
MO,510
MO,999
MT,001
MT,003
MT,005
MT,007
MT,009
MT,011
MT,013
MT,015
MT,017
MT,019
MT,021
MT,023
MT,025
MT,027
MT,029
MT,031
MT,033
MT,035
MT,037
MT,039
MT,041
MT,043
MT,045
MT,047
MT,049
MT,051
MT,053
MT,055
MT,057
MT,059
MT,061
MT,063
MT,065
MT,067
MT,069
MT,071
MT,073
MT,075
MT,077
MT,079
MT,081
MT,083
MT,085
MT,087
MT,089
MT,091
MT,093
MT,095
MT,097
MT,099
MT,101
MT,103
MT,105
MT,107
MT,109
MT,111
MT,113
MT,999
NE,001
NE,003
NE,005
NE,007
NE,009
NE,011
NE,013
NE,015
NE,017
NE,019
NE,021
NE,023
NE,025
NE,027
NE,029
NE,031
NE,033
NE,035
NE,037
NE,039
NE,041
NE,043
NE,045
NE,047
NE,049
NE,051
NE,053
NE,055
NE,057
NE,059
NE,061
NE,063
NE,065
NE,067
NE,069
NE,071
NE,073
NE,075
NE,077
NE,079
NE,081
NE,083
NE,085
NE,087
NE,089
NE,091
NE,093
NE,095
NE,097
NE,099
NE,101
NE,103
NE,105
NE,107
NE,109
NE,111
NE,113
NE,115
NE,117
NE,119
NE,121
NE,123
NE,125
NE,127
NE,129
NE,131
NE,133
NE,135
NE,137
NE,139
NE,141
NE,143
NE,145
NE,147
NE,149
NE,151
NE,153
NE,155
NE,157
NE,159
NE,161
NE,163
NE,165
NE,167
NE,169
NE,171
NE,173
NE,175
NE,177
NE,179
NE,181
NE,183
NE,185
NE,999
NV,001
NV,003
NV,005
NV,007
NV,009
NV,011
NV,013
NV,015
NV,017
NV,019
NV,021
NV,023
NV,027
NV,029
NV,031
NV,033
NV,510
NV,999
NH,001
NH,003
NH,005
NH,007
NH,009
NH,011
NH,013
NH,015
NH,017
NH,019
NH,999
NJ,001
NJ,003
NJ,005
NJ,007
NJ,009
NJ,011
NJ,013
NJ,015
NJ,017
NJ,019
NJ,021
NJ,023
NJ,025
NJ,027
NJ,029
NJ,031
NJ,033
NJ,035
NJ,037
NJ,039
NJ,041
NJ,999
NM,001
NM,003
NM,005
NM,007
NM,009
NM,011
NM,013
NM,015
NM,017
NM,019
NM,021
NM,023
NM,025
NM,027
NM,028
NM,029
NM,031
NM,033
NM,035
NM,037
NM,039
NM,041
NM,043
NM,045
NM,047
NM,049
NM,051
NM,053
NM,055
NM,057
NM,059
NM,006
NM,061
NM,910
NM,999
NY,001
NY,003
NY,007
NY,009
NY,011
NY,013
NY,015
NY,017
NY,019
NY,021
NY,023
NY,025
NY,027
NY,029
NY,031
NY,033
NY,035
NY,037
NY,039
NY,041
NY,043
NY,045
NY,049
NY,051
NY,053
NY,055
NY,057
NY,059
NY,063
NY,065
NY,067
NY,069
NY,071
NY,073
NY,075
NY,077
NY,079
NY,083
NY,087
NY,089
NY,091
NY,093
NY,095
NY,097
NY,099
NY,101
NY,103
NY,105
NY,107
NY,109
NY,111
NY,113
NY,115
NY,117
NY,119
NY,121
NY,123
NY,005
NY,047
NY,061
NY,081
NY,085
NY,910
NY,999
NC,001
NC,003
NC,005
NC,007
NC,009
NC,011
NC,013
NC,015
NC,017
NC,019
NC,021
NC,023
NC,025
NC,027
NC,029
NC,031
NC,033
NC,035
NC,037
NC,039
NC,041
NC,043
NC,045
NC,047
NC,049
NC,051
NC,053
NC,055
NC,057
NC,059
NC,061
NC,063
NC,065
NC,067
NC,069
NC,071
NC,073
NC,075
NC,077
NC,079
NC,081
NC,083
NC,085
NC,087
NC,089
NC,091
NC,093
NC,095
NC,097
NC,099
NC,101
NC,103
NC,105
NC,107
NC,109
NC,111
NC,113
NC,115
NC,117
NC,119
NC,121
NC,123
NC,125
NC,127
NC,129
NC,131
NC,133
NC,135
NC,137
NC,139
NC,141
NC,143
NC,145
NC,147
NC,149
NC,151
NC,153
NC,155
NC,157
NC,159
NC,161
NC,163
NC,165
NC,167
NC,169
NC,171
NC,173
NC,175
NC,177
NC,179
NC,181
NC,183
NC,185
NC,187
NC,189
NC,191
NC,193
NC,195
NC,197
NC,199
NC,999
ND,001
ND,003
ND,005
ND,007
ND,009
ND,011
ND,013
ND,015
ND,017
ND,019
ND,021
ND,023
ND,025
ND,027
ND,029
ND,031
ND,033
ND,035
ND,037
ND,039
ND,041
ND,043
ND,045
ND,047
ND,049
ND,051
ND,053
ND,055
ND,057
ND,059
ND,061
ND,063
ND,065
ND,067
ND,069
ND,071
ND,073
ND,075
ND,077
ND,079
ND,081
ND,083
ND,085
ND,087
ND,089
ND,091
ND,093
ND,095
ND,097
ND,099
ND,101
ND,103
ND,105
ND,999
OH,001
OH,003
OH,005
OH,007
OH,009
OH,011
OH,013
OH,015
OH,017
OH,019
OH,021
OH,023
OH,025
OH,027
OH,029
OH,031
OH,033
OH,035
OH,037
OH,039
OH,041
OH,043
OH,045
OH,047
OH,049
OH,051
OH,053
OH,055
OH,057
OH,059
OH,061
OH,063
OH,065
OH,067
OH,069
OH,071
OH,073
OH,075
OH,077
OH,079
OH,081
OH,083
OH,085
OH,087
OH,089
OH,091
OH,093
OH,095
OH,097
OH,099
OH,101
OH,103
OH,105
OH,107
OH,109
OH,111
OH,113
OH,115
OH,117
OH,119
OH,121
OH,123
OH,125
OH,127
OH,129
OH,131
OH,133
OH,135
OH,137
OH,139
OH,141
OH,143
OH,145
OH,147
OH,149
OH,151
OH,153
OH,155
OH,157
OH,159
OH,161
OH,163
OH,165
OH,167
OH,169
OH,171
OH,173
OH,175
OH,999
OK,001
OK,003
OK,005
OK,007
OK,009
OK,011
OK,013
OK,015
OK,017
OK,019
OK,021
OK,023
OK,025
OK,027
OK,029
OK,031
OK,033
OK,035
OK,037
OK,039
OK,041
OK,043
OK,045
OK,047
OK,049
OK,051
OK,053
OK,055
OK,057
OK,059
OK,061
OK,063
OK,065
OK,067
OK,069
OK,071
OK,073
OK,075
OK,077
OK,079
OK,081
OK,083
OK,085
OK,087
OK,089
OK,091
OK,093
OK,095
OK,097
OK,099
OK,101
OK,103
OK,105
OK,107
OK,109
OK,111
OK,113
OK,115
OK,117
OK,119
OK,121
OK,123
OK,125
OK,127
OK,129
OK,131
OK,133
OK,135
OK,137
OK,139
OK,141
OK,143
OK,145
OK,147
OK,149
OK,151
OK,153
OK,999
OR,001
OR,003
OR,005
OR,007
OR,009
OR,011
OR,013
OR,015
OR,017
OR,019
OR,021
OR,023
OR,025
OR,027
OR,029
OR,031
OR,033
OR,035
OR,037
OR,039
OR,041
OR,043
OR,045
OR,047
OR,049
OR,051
OR,053
OR,055
OR,057
OR,059
OR,061
OR,063
OR,065
OR,067
OR,069
OR,071
OR,999
PA,001
PA,003
PA,005
PA,007
PA,009
PA,011
PA,013
PA,015
PA,017
PA,019
PA,021
PA,023
PA,025
PA,027
PA,029
PA,031
PA,033
PA,035
PA,037
PA,039
PA,041
PA,043
PA,045
PA,047
PA,049
PA,051
PA,053
PA,055
PA,057
PA,059
PA,061
PA,063
PA,065
PA,067
PA,069
PA,071
PA,073
PA,075
PA,077
PA,079
PA,081
PA,083
PA,085
PA,087
PA,089
PA,091
PA,093
PA,095
PA,097
PA,099
PA,101
PA,103
PA,105
PA,107
PA,109
PA,111
PA,113
PA,115
PA,117
PA,119
PA,121
PA,123
PA,125
PA,127
PA,129
PA,131
PA,133
PA,999
RI,001
RI,003
RI,005
RI,007
RI,009
RI,999
SC,001
SC,003
SC,005
SC,007
SC,009
SC,011
SC,013
SC,015
SC,017
SC,019
SC,021
SC,023
SC,025
SC,027
SC,029
SC,031
SC,033
SC,035
SC,037
SC,039
SC,041
SC,043
SC,045
SC,047
SC,049
SC,051
SC,053
SC,055
SC,057
SC,059
SC,061
SC,063
SC,065
SC,067
SC,069
SC,071
SC,073
SC,075
SC,077
SC,079
SC,081
SC,083
SC,085
SC,087
SC,089
SC,091
SC,999
SD,003
SD,005
SD,007
SD,009
SD,011
SD,013
SD,015
SD,017
SD,019
SD,021
SD,023
SD,025
SD,027
SD,029
SD,031
SD,033
SD,035
SD,037
SD,039
SD,041
SD,043
SD,045
SD,047
SD,049
SD,051
SD,053
SD,055
SD,057
SD,059
SD,061
SD,063
SD,065
SD,067
SD,069
SD,071
SD,073
SD,075
SD,077
SD,079
SD,081
SD,083
SD,085
SD,087
SD,089
SD,091
SD,093
SD,095
SD,097
SD,099
SD,101
SD,103
SD,105
SD,107
SD,109
SD,111
SD,113
SD,115
SD,117
SD,119
SD,121
SD,123
SD,125
SD,127
SD,129
SD,135
SD,137
SD,999
TN,001
TN,003
TN,005
TN,007
TN,009
TN,011
TN,013
TN,015
TN,017
TN,019
TN,021
TN,023
TN,025
TN,027
TN,029
TN,031
TN,033
TN,035
TN,037
TN,039
TN,041
TN,043
TN,045
TN,047
TN,049
TN,051
TN,053
TN,055
TN,057
TN,059
TN,061
TN,063
TN,065
TN,067
TN,069
TN,071
TN,073
TN,075
TN,077
TN,079
TN,081
TN,083
TN,085
TN,087
TN,089
TN,091
TN,093
TN,095
TN,097
TN,099
TN,101
TN,103
TN,105
TN,107
TN,109
TN,111
TN,113
TN,115
TN,117
TN,119
TN,121
TN,123
TN,125
TN,127
TN,129
TN,131
TN,133
TN,135
TN,137
TN,139
TN,141
TN,143
TN,145
TN,147
TN,149
TN,151
TN,153
TN,155
TN,157
TN,159
TN,161
TN,163
TN,165
TN,167
TN,169
TN,171
TN,173
TN,175
TN,177
TN,179
TN,181
TN,183
TN,185
TN,187
TN,189
TN,999
TX,001
TX,003
TX,005
TX,007
TX,009
TX,011
TX,013
TX,015
TX,017
TX,019
TX,021
TX,023
TX,025
TX,027
TX,029
TX,031
TX,033
TX,035
TX,037
TX,039
TX,041
TX,043
TX,045
TX,047
TX,049
TX,051
TX,053
TX,055
TX,057
TX,059
TX,061
TX,063
TX,065
TX,067
TX,069
TX,071
TX,073
TX,075
TX,077
TX,079
TX,081
TX,083
TX,085
TX,087
TX,089
TX,091
TX,093
TX,095
TX,097
TX,099
TX,101
TX,103
TX,105
TX,107
TX,109
TX,111
TX,113
TX,115
TX,117
TX,119
TX,121
TX,123
TX,125
TX,127
TX,129
TX,131
TX,133
TX,135
TX,137
TX,139
TX,141
TX,143
TX,145
TX,147
TX,149
TX,151
TX,153
TX,155
TX,157
TX,159
TX,161
TX,163
TX,165
TX,167
TX,169
TX,171
TX,173
TX,175
TX,177
TX,179
TX,181
TX,183
TX,185
TX,187
TX,189
TX,191
TX,193
TX,195
TX,197
TX,199
TX,201
TX,203
TX,205
TX,207
TX,209
TX,211
TX,213
TX,215
TX,217
TX,219
TX,221
TX,223
TX,225
TX,227
TX,229
TX,231
TX,233
TX,235
TX,237
TX,239
TX,241
TX,243
TX,245
TX,247
TX,249
TX,251
TX,253
TX,255
TX,257
TX,259
TX,261
TX,263
TX,265
TX,267
TX,269
TX,271
TX,273
TX,275
TX,277
TX,279
TX,281
TX,283
TX,285
TX,287
TX,289
TX,291
TX,293
TX,295
TX,297
TX,299
TX,301
TX,303
TX,305
TX,307
TX,309
TX,311
TX,313
TX,315
TX,317
TX,319
TX,321
TX,323
TX,325
TX,327
TX,329
TX,331
TX,333
TX,335
TX,337
TX,339
TX,341
TX,343
TX,345
TX,347
TX,349
TX,351
TX,353
TX,355
TX,357
TX,359
TX,361
TX,363
TX,365
TX,367
TX,369
TX,371
TX,373
TX,375
TX,377
TX,379
TX,381
TX,383
TX,385
TX,387
TX,389
TX,391
TX,393
TX,395
TX,397
TX,399
TX,401
TX,403
TX,405
TX,407
TX,409
TX,411
TX,413
TX,415
TX,417
TX,419
TX,421
TX,423
TX,425
TX,427
TX,429
TX,431
TX,433
TX,435
TX,437
TX,439
TX,441
TX,443
TX,445
TX,447
TX,449
TX,451
TX,453
TX,455
TX,457
TX,459
TX,461
TX,463
TX,465
TX,467
TX,469
TX,471
TX,473
TX,475
TX,477
TX,479
TX,481
TX,483
TX,485
TX,487
TX,489
TX,491
TX,493
TX,495
TX,497
TX,499
TX,501
TX,503
TX,505
TX,507
TX,999
UT,001
UT,003
UT,005
UT,007
UT,009
UT,011
UT,013
UT,015
UT,017
UT,019
UT,021
UT,023
UT,025
UT,027
UT,029
UT,031
UT,033
UT,035
UT,037
UT,039
UT,041
UT,043
UT,045
UT,047
UT,049
UT,051
UT,053
UT,055
UT,057
UT,999
VT,001
VT,003
VT,005
VT,007
VT,009
VT,011
VT,013
VT,015
VT,017
VT,019
VT,021
VT,023
VT,025
VT,027
VT,999
VA,001
VA,003
VA,007
VA,009
VA,011
VA,015
VA,017
VA,021
VA,023
VA,025
VA,027
VA,029
VA,031
VA,033
VA,035
VA,036
VA,037
VA,041
VA,043
VA,045
VA,047
VA,049
VA,051
VA,053
VA,057
VA,061
VA,063
VA,065
VA,067
VA,069
VA,071
VA,073
VA,075
VA,077
VA,079
VA,081
VA,083
VA,085
VA,087
VA,091
VA,093
VA,097
VA,099
VA,101
VA,103
VA,105
VA,107
VA,109
VA,111
VA,113
VA,115
VA,117
VA,119
VA,121
VA,125
VA,127
VA,131
VA,133
VA,135
VA,137
VA,139
VA,141
VA,143
VA,145
VA,147
VA,149
VA,155
VA,157
VA,159
VA,161
VA,163
VA,167
VA,169
VA,171
VA,173
VA,175
VA,181
VA,183
VA,185
VA,187
VA,191
VA,193
VA,195
VA,197
VA,520
VA,530
VA,540
VA,550
VA,570
VA,590
VA,595
VA,620
VA,640
VA,650
VA,670
VA,678
VA,680
VA,700
VA,710
VA,720
VA,730
VA,740
VA,750
VA,760
VA,770
VA,775
VA,790
VA,800
VA,810
VA,820
VA,840
VA,005
VA,580
VA,916
VA,013
VA,059
VA,510
VA,600
VA,610
VA,918
VA,019
VA,515
VA,917
VA,089
VA,690
VA,913
VA,095
VA,199
VA,735
VA,830
VA,911
VA,153
VA,683
VA,685
VA,910
VA,165
VA,660
VA,914
VA,177
VA,179
VA,630
VA,915
VA,999
WA,001
SE,001
WA,003
SE,003
WA,005
SE,005
WA,007
SE,007
WA,009
SE,009
WA,011
SE,011
WA,013
SE,013
WA,015
SE,015
WA,017
SE,017
WA,019
SE,019
WA,021
SE,021
WA,023
SE,023
WA,025
SE,025
WA,027
SE,027
WA,029
SE,029
WA,031
SE,031
WA,033
SE,033
WA,035
SE,035
WA,037
SE,037
WA,039
SE,039
WA,041
SE,041
WA,043
SE,043
WA,045
SE,045
WA,047
SE,047
WA,049
SE,049
WA,051
SE,051
WA,053
SE,053
WA,055
SE,055
WA,057
SE,057
WA,059
SE,059
WA,061
SE,061
WA,063
SE,063
WA,065
SE,065
WA,067
SE,067
WA,069
SE,069
WA,071
SE,071
WA,073
SE,073
WA,075
SE,075
WA,077
SE,077
WA,999
SE,999
WV,001
WV,003
WV,005
WV,007
WV,009
WV,011
WV,013
WV,015
WV,017
WV,019
WV,021
WV,023
WV,025
WV,027
WV,029
WV,031
WV,033
WV,035
WV,037
WV,039
WV,041
WV,043
WV,045
WV,047
WV,049
WV,051
WV,053
WV,055
WV,057
WV,059
WV,061
WV,063
WV,065
WV,067
WV,069
WV,071
WV,073
WV,075
WV,077
WV,079
WV,081
WV,083
WV,085
WV,087
WV,089
WV,091
WV,093
WV,095
WV,097
WV,099
WV,101
WV,103
WV,105
WV,107
WV,109
WV,999
WI,001
WI,003
WI,005
WI,007
WI,009
WI,011
WI,013
WI,015
WI,017
WI,019
WI,021
WI,023
WI,025
WI,027
WI,029
WI,031
WI,033
WI,035
WI,037
WI,039
WI,041
WI,043
WI,045
WI,047
WI,049
WI,051
WI,053
WI,055
WI,057
WI,059
WI,061
WI,063
WI,065
WI,067
WI,069
WI,071
WI,073
WI,075
WI,077
WI,078
WI,079
WI,081
WI,083
WI,085
WI,087
WI,089
WI,091
WI,093
WI,095
WI,097
WI,099
WI,101
WI,103
WI,105
WI,107
WI,109
WI,111
WI,113
WI,115
WI,117
WI,119
WI,121
WI,123
WI,125
WI,127
WI,129
WI,131
WI,133
WI,135
WI,137
WI,139
WI,141
WI,999
WY,001
WY,003
WY,005
WY,007
WY,009
WY,011
WY,013
WY,015
WY,017
WY,019
WY,021
WY,023
WY,025
WY,027
WY,029
WY,031
WY,033
WY,035
WY,037
WY,039
WY,041
WY,043
WY,045
WY,999
PR,001
PR,003
PR,005
PR,007
PR,009
PR,011
PR,013
PR,015
PR,017
PR,019
PR,021
PR,023
PR,025
PR,027
PR,029
PR,031
PR,033
PR,035
PR,037
PR,039
PR,041
PR,043
PR,045
PR,047
PR,049
PR,051
PR,053
PR,054
PR,055
PR,057
PR,059
PR,061
PR,063
PR,065
PR,067
PR,069
PR,071
PR,073
PR,075
PR,077
PR,079
PR,081
PR,083
PR,085
PR,087
PR,089
PR,091
PR,093
PR,095
PR,097
PR,099
PR,101
PR,103
PR,105
PR,107
PR,109
PR,111
PR,113
PR,115
PR,117
PR,119
PR,121
PR,123
PR,125
PR,127
PR,129
PR,131
PR,133
PR,135
PR,137
PR,139
PR,141
PR,143
PR,145
PR,147
PR,149
PR,151
PR,153
