"ABELARDO","06"
"ABU","15"
"ABUNDIO","06"
"ADELA","06"
"ADELAIDA","06"
"ADELIA","06"
"ADELINA","06"
"ADOLFO","06"
"ADORACION","06"
"ADRIANO","06"
"AGAPITO","06"
"AGRIPINA","06"
"AGUSTIN","06"
"AGUSTINA","06"
"AHMAD","15"
"AHMED","15"
"AIDA","06"
"AKHTAR","15"
"ALBERTO","06"
"ALBINA","06"
"ALBINO","06"
"ALEGRIA","06"
"ALEJANDRA","06"
"ALEJANDRO","06"
"ALEJO","06"
"ALFONSO","06"
"ALFREDO","06"
"ALI","15"
"ALICIA","06"
"ALVARO","06"
"AMADO","06"
"AMALIA","06"
"AMANDO","06"
"AMBROCIO","06"
"AMBROSIO","06"
"AMELIA","06"
"AMELITA","06"
"AMINA","15"
"AMIR","15"
"AMOR","06"
"AMPARO","06"
"ANACLETA","06"
"ANACLETO","06"
"ANASTACIA","06"
"ANASTACIO","06"
"ANDREA","06"
"ANDRES","06"
"ANGEL","06"
"ANGELES","06"
"ANGELICA","06"
"ANGELINA","06"
"ANGELINE","06"
"ANGELITA","06"
"ANGELO","06"
"ANIANO","06"
"ANICETA","06"
"ANICETO","06"
"ANICIA","06"
"ANSELMO","06"
"ANTERO","06"
"ANTONIA","06"
"ANTONINA","06"
"ANTONIO","06"
"APOLINAR","06"
"APOLINARIO","06"
"APOLONIA","06"
"APOLONIO","06"
"AQUILINA","06"
"AQUILINO","06"
"ARACELI","06"
"ARCADIO","06"
"ARMANDO","06"
"ARNULFO","06"
"ARSENIA","06"
"ARSENIO","06"
"ARTEMIO","06"
"ARTURO","06"
"ASGHAR","15"
"ASHA","15"
"ASHRAF","15"
"ASMA","15"
"ASUNCION","06"
"AUGUSTO","06"
"AUREA","06"
"AURELIA","06"
"AURELIO","06"
"AURORA","06"
"AVELINA","06"
"AVELINO","06"
"AZUCENA","06"
"BALBINO","06"
"BARTOLOME","06"
"BASDEO","15"
"BASILIA","06"
"BASILIO","06"
"BASILISA","06"
"BEATRIZ","06"
"BEGUM","15"
"BELEN","06"
"BELINDA","06"
"BENEDICTA","06"
"BENEDICTO","06"
"BENIGNO","06"
"BENILDA","06"
"BENITA","06"
"BENITO","06"
"BERNABE","06"
"BERNADETTE","06"
"BERNARDA","06"
"BERNARDINO","06"
"BERNARDITA","06"
"BERNARDO","06"
"BHAVNA","15"
"BIBI","15"
"BINA","15"
"BONIFACIA","06"
"BONIFACIO","06"
"BRIGIDA","06"
"BRIGIDO","06"
"BUENAVENTURA","06"
"CALIXTA","06"
"CAMILO","06"
"CANDIDA","06"
"CANDIDO","06"
"CARIDAD","06"
"CARLINA","06"
"CARLOS","06"
"CARMELA","06"
"CARMELITA","06"
"CARMELO","06"
"CARMEN","06"
"CARMENCITA","06"
"CAROLINA","06"
"CATALINA","06"
"CATALINO","06"
"CAY","10"
"CAYETANO","06"
"CECILIO","06"
"CEFERINA","06"
"CEFERINO","06"
"CELERINA","06"
"CELESTINA","06"
"CELESTINO","06"
"CELIA","06"
"CELSO","06"
"CESAR","06"
"CESARIO","06"
"CEZAR","06"
"CHANDER","15"
"CHANDRAWAT","15"
"CHITA","06"
"CHRISTIAN","06"
"CIPRIANA","06"
"CIPRIANO","06"
"CIRIACO","06"
"CIRILA","06"
"CIRILO","06"
"CLARISSA","06"
"CLARITA","06"
"CLARO","06"
"CLAUDIO","06"
"CLEMENTE","06"
"CLEOFE","06"
"CLEOTILDE","06"
"CONCEPCION","06"
"CONCESA","06"
"CONCHITA","06"
"CONCORDIA","06"
"CONRADA","06"
"CONRADO","06"
"CONSOLACION","06"
"CONSORCIA","06"
"CONSTANCIA","06"
"CONSTANCIO","06"
"CONSUELO","06"
"CORNELIA","06"
"CORNELIO","06"
"COSME","06"
"CRESENCIA","06"
"CRESENCIO","06"
"CRISANTA","06"
"CRISANTO","06"
"CRISELDA","06"
"CRISOSTOMO","06"
"CRISPIN","06"
"CRISPINA","06"
"CRISTETA","06"
"CRISTINA","06"
"CRISTOBAL","06"
"DAMASO","06"
"DANILO","06"
"DANTE","06"
"DELFIN","06"
"DELFINA","06"
"DELIA","06"
"DEMETRIA","06"
"DIEGO","06"
"DIONICIA","06"
"DIONICIO","06"
"DIONISIA","06"
"DIONISIO","06"
"DIOSDADO","06"
"DIVINA","06"
"DOLORES","06"
"DOMINGA","06"
"DOMINGO","06"
"DONATO","06"
"DOROTEA","06"
"ED","06"
"EDEN","06"
"EDGAR","06"
"EDGARDO","06"
"EDILBERTO","06"
"EDITA","06"
"EDITHA","06"
"EDMUNDO","06"
"EDUARDO","06"
"EFIGENIA","06"
"EFREN","06"
"ELADIO","06"
"ELENA","06"
"ELENITA","06"
"ELEUTERIO","06"
"ELIAS","06"
"ELISA","06"
"ELISEO","06"
"ELIZA","06"
"ELMA","06"
"ELPIDIO","06"
"ELVIRA","06"
"ELY","06"
"EMELINA","06"
"EMELITA","06"
"EMERITA","06"
"EMETERIO","06"
"EMILIA","06"
"EMILIANA","06"
"EMILIO","06"
"EMMANUEL","06"
"ENCARNACION","06"
"ENRICO","06"
"ENRIQUE","06"
"ENRIQUETA","06"
"EPIFANIA","06"
"EPIFANIO","06"
"ERIBERTO","06"
"ERLINDA","06"
"ERNESTA","06"
"ERNESTO","06"
"ERNIE","06"
"ERWIN","06"
"ESMERALDA","06"
"ESMERALDO","06"
"ESPERANZA","06"
"ESTANISLAO","06"
"ESTEBAN","06"
"ESTEFANIA","06"
"ESTELA","06"
"ESTELITA","06"
"ESTER","06"
"ESTRELLA","06"
"ESTRELLITA","06"
"EUFEMIA","06"
"EUFEMIO","06"
"EUFROCINA","06"
"EUFROSINA","06"
"EUGENIA","06"
"EUGENIO","06"
"EULALIA","06"
"EULALIO","06"
"EULOGIO","06"
"EUSEBIO","06"
"EUSTAQUIO","06"
"EVANGELINA","06"
"EVANGELINE","06"
"EVARISTO","06"
"EVELINA","06"
"EXEQUIEL","06"
"FATEMEH","15"
"FATIMA","15"
"FAUSTINO","06"
"FAUSTO","06"
"FE","06"
"FEDERICO","06"
"FELICIANA","06"
"FELICIANO","06"
"FELICIDAD","06"
"FELICISIMO","06"
"FELICITAS","06"
"FELIMON","06"
"FELINO","06"
"FELIPA","06"
"FELIPE","06"
"FELISA","06"
"FELIX","06"
"FELIZA","06"
"FERDINAND","06"
"FERMIN","06"
"FERNANDO","06"
"FIDEL","06"
"FIDELA","06"
"FILEMON","06"
"FILIPINA","06"
"FILOMENA","06"
"FILOMENO","06"
"FLAVIANO","06"
"FLOR","06"
"FLORENCIA","06"
"FLORENCIO","06"
"FLORENDA","06"
"FLORENTINA","06"
"FLORENTINO","06"
"FLORIDA","06"
"FLORINDA","06"
"FLORITA","06"
"FLORO","06"
"FON","04"
"FORTUNATA","06"
"FORTUNATO","06"
"FRANCIA","06"
"FRANCISCA","06"
"FRANCISCO","06"
"FREDERICO","06"
"FRUCTUOSO","06"
"FULGENCIO","06"
"GABRIEL","06"
"GAR","04"
"GAUDENCIA","06"
"GAVINO","06"
"GEMMA","06"
"GENARO","06"
"GENEROSA","06"
"GENEROSO","06"
"GENOVEVA","06"
"GERARDO","06"
"GERMAN","06"
"GERONIMO","06"
"GERTRUDES","06"
"GHULAM","15"
"GILDA","06"
"GODOFREDO","06"
"GONZALO","06"
"GRACIANO","06"
"GREGORIA","06"
"GREGORIO","06"
"GUADALUPE","06"
"GUILLERMA","06"
"GUILLERMO","06"
"HABIBA","15"
"HAMIDA","15"
"HASAN","15"
"HASSAN","15"
"HAYDEE","06"
"HE","04"
"HECTOR","06"
"HERMINIA","06"
"HERMINIO","06"
"HERMOGENES","06"
"HILARIA","06"
"HILARIO","06"
"HONORATA","06"
"HONORIO","06"
"HOY","04"
"HUEY","04"
"IBRAHIM","15"
"IGNACIO","06"
"ILDEFONSO","06"
"ILUMINADA","06"
"ILUMINADO","06"
"IMELDA","06"
"INES","06"
"INOCENCIA","06"
"INOCENCIO","06"
"IRENEO","06"
"IRINEO","06"
"IRMA","06"
"ISABEL","06"
"ISABELITA","06"
"ISAIAS","06"
"ISIDORO","06"
"ISIDRO","06"
"ISMAEL","06"
"ISOYO","05"
"JACINTA","06"
"JACINTO","06"
"JAIME","06"
"JAMILA","15"
"JASMIN","06"
"JATIN","15"
"JESUS","06"
"JESUSA","06"
"JOAQUIN","06"
"JOCELYN","06"
"JOEL","06"
"JORGE","06"
"JOSE","06"
"JOSEFA","06"
"JOSEFINA","06"
"JOSEFINO","06"
"JOSEPHINA","06"
"JOVITA","06"
"JOVITO","06"
"JUAN","06"
"JUANA","06"
"JUANITA","06"
"JUANITO","06"
"JULIAN","06"
"JULIANA","06"
"JULIET","06"
"JULIETA","06"
"JULIO","06"
"JULITA","06"
"KALA","15"
"KALPANA","15"
"KAVITA","15"
"KAYE","05"
"KIYONG","08"
"LALITA","15"
"LAMBERTO","06"
"LATA","15"
"LAUREANO","06"
"LEANDRO","06"
"LEONARDA","06"
"LEONARDO","06"
"LEONCIA","06"
"LEONCIO","06"
"LEONIDA","06"
"LEONILA","06"
"LEONISA","06"
"LEONOR","06"
"LEONORA","06"
"LEOPOLDO","06"
"LERMA","06"
"LETICIA","06"
"LIBERATO","06"
"LIBRADA","06"
"LILIA","06"
"LILIBETH","06"
"LINLIN","04"
"LINO","06"
"LIT","04"
"LITA","06"
"LOIDA","06"
"LOLITA","06"
"LOPE","06"
"LORENZO","06"
"LORETA","06"
"LORETO","06"
"LOTA","06"
"LOURDES","06"
"LUCAS","06"
"LUCENA","06"
"LUCIA","06"
"LUCIANO","06"
"LUCILA","06"
"LUCINA","06"
"LUCIO","06"
"LUCITA","06"
"LUCRECIA","06"
"LUDOVICO","06"
"LUIS","06"
"LUISA","06"
"LUISITA","06"
"LUZ","06"
"MACARIA","06"
"MACARIO","06"
"MAGDALENA","06"
"MAGNO","06"
"MAHMOOD","15"
"MALA","15"
"MAMERTA","06"
"MAMERTO","06"
"MAMI","05"
"MAMIE","04"
"MANOLO","06"
"MANUEL","06"
"MANUELA","06"
"MARCELA","06"
"MARCELINA","06"
"MARCELINO","06"
"MARCELO","06"
"MARCIAL","06"
"MARCIANA","06"
"MARCIANO","06"
"MARCOS","06"
"MARGARITA","06"
"MARIA","06"
"MARIAM","15"
"MARIANO","06"
"MARIBETH","06"
"MARIETA","06"
"MARIETTA","06"
"MARILOU","06"
"MARINA","06"
"MARINO","06"
"MARIO","06"
"MARISSA","06"
"MARTINA","06"
"MARYLOU","06"
"MATEA","06"
"MATEO","06"
"MATHEW","15"
"MATILDE","06"
"MAURA","06"
"MAURICIO","06"
"MAURO","06"
"MAXIMINO","06"
"MAXIMO","06"
"MEENA","15"
"MEHDI","15"
"MELANIO","06"
"MELCHOR","06"
"MELECIO","06"
"MELINDA","06"
"MELITA","06"
"MERCEDES","06"
"MERCEDITA","06"
"MERLIN","06"
"MERLITA","06"
"MIGUEL","06"
"MIGUELA","06"
"MILA","06"
"MILAGROS","06"
"MINDA","06"
"MINERVA","06"
"MISUYE","05"
"MODESTA","06"
"MODESTO","06"
"MOHAMED","15"
"MOHAMMAD","15"
"MOHAMMED","15"
"MOHINI","15"
"MOISES","06"
"MONICO","06"
"MUHAMMAD","15"
"MYRNA","06"
"NAN","04"
"NAPOLEON","06"
"NARCISA","06"
"NARCISO","06"
"NARGIS","15"
"NASEEM","15"
"NASIMA","15"
"NATALIA","06"
"NATIVIDAD","06"
"NEELA","15"
"NEIL","15"
"NELIA","06"
"NEMESIO","06"
"NENA","06"
"NERISSA","06"
"NESTOR","06"
"NICANOR","06"
"NICOLAS","06"
"NICOLASA","06"
"NIDA","06"
"NIEVA","06"
"NIEVES","06"
"NILDA","06"
"NITA","06"
"NOEL","06"
"NOEMI","06"
"NOOR","15"
"NORBERTA","06"
"NORBERTO","06"
"NORMA","06"
"NUNG","04"
"OFELIA","06"
"OPHELIA","06"
"ORLANDO","06"
"PABLO","06"
"PACIFICO","06"
"PAN","04"
"PANFILO","06"
"PARVEEN","15"
"PASCUAL","06"
"PASTOR","06"
"PASTORA","06"
"PATRIA","06"
"PATRICIO","06"
"PATROCINIA","06"
"PATROCINIO","06"
"PAULINA","06"
"PAULINO","06"
"PAULITA","06"
"PAZ","06"
"PEDRO","06"
"PELAGIA","06"
"PERFECTO","06"
"PERLA","06"
"PERPETUA","06"
"PETRA","06"
"PILAR","06"
"PIO","06"
"PLACIDO","06"
"POLICARPIO","06"
"PONCIANO","06"
"PORFIRIO","06"
"PRAXEDES","06"
"PRIMITIVA","06"
"PRIMITIVO","06"
"PRIMO","06"
"PRISCA","06"
"PRISCILA","06"
"PRISCILLA","06"
"PROSPERO","06"
"PRUDENCIA","06"
"PRUDENCIO","06"
"PURIFICACI","06"
"PURITA","06"
"QUIRINO","06"
"RAFAEL","06"
"RAFAELA","06"
"RAJA","15"
"RAMA","15"
"RAMAN","15"
"RAMON","06"
"RANA","15"
"RAQUEL","06"
"RASHIDA","15"
"RATNA","15"
"RAUL","06"
"RAYMUNDA","06"
"RAYMUNDO","06"
"RAZIA","15"
"REBECCA","06"
"REMEDIOS","06"
"REMIGIO","06"
"REN","04"
"RENATO","06"
"RENE","06"
"RENU","15"
"RESTITUTA","06"
"RESTITUTO","06"
"REYNALDO","06"
"RICARDO","06"
"ROBERTO","06"
"RODOLFO","06"
"RODRIGO","06"
"ROGELIO","06"
"ROLANDO","06"
"ROMAN","06"
"ROMANA","06"
"ROMEO","06"
"ROMULO","06"
"RONALDO","06"
"ROQUE","06"
"ROSALIA","06"
"ROSALINA","06"
"ROSALINDA","06"
"ROSALIO","06"
"ROSARIO","06"
"ROSAURO","06"
"ROSELINE","06"
"ROSENDA","06"
"ROSENDO","06"
"RUBEN","06"
"RUDOLFO","06"
"RUFINA","06"
"RUFINO","06"
"RUFO","06"
"RUPERTO","06"
"SABINO","06"
"SALEH","15"
"SALIMA","15"
"SALOME","06"
"SALUD","06"
"SALVADOR","06"
"SAMIRA","15"
"SANJAY","15"
"SANTIAGO","06"
"SANTOS","06"
"SATURNINA","06"
"SATURNINO","06"
"SEETA","15"
"SEGUNDO","06"
"SERAFIN","06"
"SERGIO","06"
"SEVERINA","06"
"SEVERINO","06"
"SEVERO","06"
"SHARI","05"
"SHAW","04"
"SHEELA","15"
"SHEIKH","15"
"SHIRIN","15"
"SHOSO","05"
"SILVERIO","06"
"SILVESTRE","06"
"SILVINO","06"
"SIMEON","06"
"SIMPLICIO","06"
"SIXTO","06"
"SOCORRO","06"
"SOFIA","06"
"SOLEDAD","06"
"SOTERA","06"
"SOTERO","06"
"SULTAN","15"
"SUMINTRA","15"
"SUNCHA","08"
"SUSANA","06"
"TAHIRA","15"
"TAYEKO","05"
"TELESFORO","06"
"TEODORA","06"
"TEODORO","06"
"TEOFILA","06"
"TEOFILO","06"
"TERESITA","06"
"TESHU","04"
"TESSIE","06"
"THEODORA","06"
"TIBURCIO","06"
"TIMOTEO","06"
"TIRSO","06"
"TITA","06"
"TITO","06"
"TOMAS","06"
"TOMASA","06"
"TOMIE","05"
"TOY","04"
"TRANQUILINO","06"
"TRINIDAD","06"
"ULPIANO","06"
"ULYSSES","06"
"URBANO","06"
"VALENTIN","06"
"VALENTINA","06"
"VALENTINO","06"
"VALERIANO","06"
"VAN","10"
"VEENA","15"
"VENANCIA","06"
"VENANCIO","06"
"VERONICA","06"
"VICENTA","06"
"VICENTE","06"
"VICTORIANA","06"
"VICTORIANO","06"
"VICTORINA","06"
"VICTORINO","06"
"VICTORIO","06"
"VILMA","06"
"VINCENTE","06"
"VIOLETA","06"
"VIRGIE","06"
"VIRGILIO","06"
"VISITACION","06"
"VITALIANO","06"
"WANDA","04"
"WENCESLAO","06"
"WILFREDO","06"
"XIAOQIN","04"
"YAYEKO","05"
"YEIKO","05"
"YEMIKO","05"
"YOLANDA","06"
"YOSH","05"
"ZACARIAS","06"
"ZAFAR","15"
"ZAHRA","15"
"ZARINA","15"
"ZENAIDA","06"
