"LOW","04"
"ABAN","15"
"ABDONA","06"
"ABDUL","15"
"ABHA","15"
"ACCAMMA","15"
"ACHAMMA","15"
"ACHAO","04"
"ACHEYAMMA","15"
"ACHU","04"
"ACHUN","04"
"ACHYAMMA","15"
"ADARSH","15"
"ADEEB","15"
"ADORADA","06"
"AE","08"
"AEJA","08"
"AEKO","05"
"AENG","08"
"AESOON","08"
"AESUN","08"
"AFSARI","15"
"AFTAB","15"
"AFZAL","15"
"AFZALUNNISA","15"
"AGATONA","06"
"AGATONICA","06"
"AGRIFINA","06"
"AGUIDA","06"
"AGYA","15"
"AH","04"
"AHALYA","15"
"AHILYA","15"
"AHMADI","15"
"AHMEDI","15"
"AHMEDUNNISA","15"
"AHMEI","04"
"AHN","08"
"AHSUEH","04"
"AI","04"
"AICHEN","04"
"AICHING","04"
"AICHU","04"
"AIFANG","04"
"AIHUA","04"
"AIKO","05"
"AILAN","04"
"AILIAN","04"
"AILIN","04"
"AILING","04"
"AIMEI","04"
"AIMING","04"
"AIQUN","04"
"AIRU","04"
"AIXIAN","04"
"AIYING","04"
"AIYU","04"
"AIYUN","04"
"AIZHEN","04"
"AIZHU","04"
"AJIT","15"
"AJMER","15"
"AJUNG","04"
"AK","08"
"AKEMI","05"
"AKHTARI","15"
"AKHTER","15"
"AKI","05"
"AKIE","05"
"AKIKO","05"
"AKIMI","05"
"AKINO","05"
"AKIRA","05"
"AKIYE","05"
"AKIYO","05"
"AKTHER","15"
"ALAKA","15"
"ALAMELU","15"
"ALAMMA","15"
"ALEJANDREA","06"
"ALELI","06"
"ALEYAMMA","15"
"ALEYKUTTY","15"
"ALIYAMMA","15"
"ALKO","05"
"ALOO","15"
"ALUDIA","06"
"AMAR","15"
"AMARJEET","15"
"AMARJIT","15"
"AMBABEN","15"
"AMBUJAM","15"
"AMEER","15"
"AMEI","04"
"AMEURFINA","06"
"AMIN","15"
"AMINABAI","15"
"AMINABEN","15"
"AMINABIBI","15"
"AMIYA","15"
"AMMAL","15"
"AMMINI","15"
"AMMINIKUTTY","15"
"AMMINY","15"
"AMMUKUTTY","15"
"AMORFINA","06"
"AMRIK","15"
"AMRIT","15"
"AMRITBEN","15"
"AMTHIBEN","15"
"AMTUL","15"
"ANACITA","06"
"ANACORETA","06"
"ANACORITA","06"
"ANANDI","15"
"ANANDIBEN","15"
"ANANIA","06"
"ANANTHALAKSH","15"
"ANASUYA","15"
"ANDRELINA","06"
"ANECITA","06"
"ANEES","15"
"ANH","10"
"ANHTUYET","10"
"ANIANA","06"
"ANIMA","15"
"ANJALI","15"
"ANJAMMA","15"
"ANJANA","15"
"ANJANI","15"
"ANNAKUTTY","15"
"ANNAMMA","15"
"ANNAPURNA","15"
"ANSUYA","15"
"ANSUYABEN","15"
"ANTIPAS","06"
"ANUNSACION","06"
"ANURADHA","15"
"ANUSUYA","15"
"ANWARI","15"
"APARICION","06"
"APARNA","15"
"AQEELA","15"
"AQILA","15"
"AR","04"
"ARATI","15"
"ARCELI","06"
"ARCHANA","15"
"ARISTONA","06"
"ARJUMAND","15"
"ARMAITY","15"
"ARUNA","15"
"ARUNABEN","15"
"ARUNDHATI","15"
"ARVINDA","15"
"ARVINDABEN","15"
"ASAE","05"
"ASAKO","05"
"ASANO","05"
"ASAO","05"
"ASAYO","05"
"ASHABEN","15"
"ASHALATA","15"
"ASIFA","15"
"ASIYA","15"
"AT","10"
"ATSU","05"
"ATSUKO","05"
"ATSUMI","05"
"ATSUYO","05"
"ATUAN","04"
"AU","04"
"AURORITA","06"
"AUTAR","15"
"AVANTIKA","15"
"AVELITA","06"
"AVINASH","15"
"AVTAR","15"
"AYA","05"
"AYAKO","05"
"AYAME","05"
"AYANO","05"
"AYU","04"
"AYUEH","04"
"AZIZUN","15"
"AZIZUNNISA","15"
"BA","10"
"BABUBEN","15"
"BAC","10"
"BACH","10"
"BACHAN","15"
"BACHINT","15"
"BACHLIEN","10"
"BACHMAI","10"
"BACHNI","15"
"BACHTUYET","10"
"BACHVAN","10"
"BACHYEN","10"
"BACK","04"
"BADAR","15"
"BADRUN","15"
"BADRUNNISA","15"
"BAEK","08"
"BAKHSHISH","15"
"BAKULA","15"
"BAKULABEN","15"
"BALBIR","15"
"BALDEV","15"
"BALJINDER","15"
"BALJIT","15"
"BALVIR","15"
"BALWANT","15"
"BALWINDER","15"
"BAN","10"
"BANGALORE","15"
"BANGTAM","10"
"BANH","10"
"BANI","15"
"BANOO","15"
"BANTI","15"
"BAO","04"
"BAODI","04"
"BAOFEN","04"
"BAOHUA","04"
"BAOJIN","04"
"BAOLAN","04"
"BAOLIAN","04"
"BAOLING","04"
"BAOPING","04"
"BAOQIN","04"
"BAOYI","04"
"BAOYING","04"
"BAOYU","04"
"BAOZHEN","04"
"BAOZHU","04"
"BARCELISA","06"
"BARTOLOMIA","06"
"BASANT","15"
"BASANTI","15"
"BASHEER","15"
"BASHEERUNNIS","15"
"BAT","10"
"BATUL","15"
"BAU","10"
"BAY","10"
"BE","10"
"BEANT","15"
"BEI","04"
"BELLAFLOR","06"
"BENABEN","15"
"BEO","10"
"BERNANDINA","06"
"BHADRA","15"
"BHADRABALA","15"
"BHADRABEN","15"
"BHAGIRATHI","15"
"BHAGVATIBEN","15"
"BHAGWAN","15"
"BHAGWANT","15"
"BHAGWATI","15"
"BHAGWATIBEN","15"
"BHAGYALAKSHM","15"
"BHAJAN","15"
"BHAKTI","15"
"BHAMA","15"
"BHANUBEN","15"
"BHANUMATHI","15"
"BHANUMATI","15"
"BHANUMATIBEN","15"
"BHARATHI","15"
"BHARATI","15"
"BHARGAVI","15"
"BHARGAVIAMMA","15"
"BHARTI","15"
"BHARTIBEN","15"
"BHAVANI","15"
"BHIKHIBEN","15"
"BHULIBEN","15"
"BI","04"
"BIAN","04"
"BIBHA","15"
"BIC","04"
"BICH","10"
"BICHLAN","10"
"BICHLIEN","10"
"BICHNGOC","10"
"BICHTHUY","10"
"BICHVAN","10"
"BICK","04"
"BIEC","10"
"BIEN","10"
"BIENG","10"
"BIENVENIDO","06"
"BIENVINIDA","06"
"BIET","10"
"BIEU","10"
"BIFANG","04"
"BIG","04"
"BIH","04"
"BIHUA","04"
"BIJUAN","04"
"BIK","04"
"BIKWAN","04"
"BILIAN","04"
"BILQEES","15"
"BILQIS","15"
"BILQUEES","15"
"BILQUIS","15"
"BIMLA","15"
"BIN","04"
"BINAPANI","15"
"BINDU","15"
"BING","04"
"BINGYI","04"
"BINH","10"
"BIRJEES","15"
"BIRJIS","15"
"BIRU","04"
"BITHIKA","15"
"BITUIN","06"
"BIXIA","04"
"BIYING","04"
"BIYU","04"
"BIYUN","04"
"BIZHEN","04"
"BLESILDA","06"
"BOBAE","08"
"BOCK","08"
"BOG","08"
"BOH","08"
"BOHUA","04"
"BOI","10"
"BOK","08"
"BOKDONG","08"
"BOKHEE","08"
"BOKIM","08"
"BOKNAM","08"
"BOKNYO","08"
"BOKRYE","08"
"BOKSIL","08"
"BOKSOON","08"
"BOKSUN","08"
"BOKYE","08"
"BONG","08"
"BONGHEE","08"
"BONGJA","08"
"BONGSOOK","08"
"BONGSOON","08"
"BONGSUN","08"
"BOO","08"
"BOOJA","08"
"BOOK","08"
"BOON","08"
"BOR","04"
"BOT","10"
"BOW","04"
"BOX","08"
"BOY","04"
"BRIJ","15"
"BU","08"
"BUCK","04"
"BUENAFE","06"
"BUHAY","06"
"BUI","10"
"BUJA","08"
"BUK","08"
"BUM","08"
"BUN","08"
"BUOI","10"
"BUOM","10"
"BUONG","10"
"BUOY","04"
"BUP","10"
"BUU","10"
"BYEONG","08"
"BYONG","08"
"BYONGOK","08"
"BYOUNG","08"
"BYUNG","08"
"BYUNGHEE","08"
"BYUNGOK","08"
"BYUNGSOOK","08"
"CA","10"
"CAC","10"
"CACH","10"
"CAI","04"
"CAIDI","04"
"CAIFENG","04"
"CAIHUA","04"
"CAILAN","04"
"CAIMEI","04"
"CAIXIA","04"
"CAIYING","04"
"CAIYUN","04"
"CAIZHEN","04"
"CAM","10"
"CAMHONG","10"
"CAMNHUNG","10"
"CAMVAN","10"
"CAN","10"
"CANG","10"
"CANH","10"
"CAO","10"
"CAP","10"
"CARAZON","06"
"CARMENCHITA","06"
"CAT","10"
"CAU","10"
"CENONA","06"
"CERELINA","06"
"CERIACA","06"
"CERILA","06"
"CHA","08"
"CHAC","10"
"CHACHY","15"
"CHACK","04"
"CHACKO","15"
"CHAE","08"
"CHAI","04"
"CHAING","04"
"CHAK","04"
"CHAM","10"
"CHAMELI","15"
"CHAMPA","15"
"CHAMPABEN","15"
"CHAMPAVATI","15"
"CHAN","04"
"CHANAN","15"
"CHANCHAL","15"
"CHANCHALBEN","15"
"CHAND","15"
"CHANDAN","15"
"CHANDANBEN","15"
"CHANDENBEN","15"
"CHANDRA","15"
"CHANDRABALA","15"
"CHANDRABEN","15"
"CHANDRABHAGA","15"
"CHANDRAKALA","15"
"CHANDRAKANTA","15"
"CHANDRAMANI","15"
"CHANDRAMANIB","15"
"CHANDRAPRABH","15"
"CHANDRAVATI","15"
"CHANDRIKA","15"
"CHANDRIKABEN","15"
"CHANGHUA","04"
"CHANGHUI","04"
"CHANGMEI","04"
"CHANGO","04"
"CHANGSOOK","08"
"CHANGSOON","08"
"CHANGYING","04"
"CHANGYU","04"
"CHANGYUAN","04"
"CHANH","10"
"CHANJUAN","04"
"CHANO","15"
"CHAO","04"
"CHAOCHIH","04"
"CHAOMEI","04"
"CHAOYING","04"
"CHAP","10"
"CHARAN","15"
"CHARANJIT","15"
"CHARITO","06"
"CHARN","15"
"CHARULATA","15"
"CHASUN","08"
"CHAT","10"
"CHAW","04"
"CHECK","04"
"CHEE","04"
"CHEI","04"
"CHELLAM","15"
"CHELLAMMA","15"
"CHELLAMMAL","15"
"CHEN","04"
"CHENCHEN","04"
"CHENCHING","04"
"CHENCHU","04"
"CHENCHUN","04"
"CHENFANG","04"
"CHENG","04"
"CHENGHUA","04"
"CHENGHUI","04"
"CHENGLAN","04"
"CHENGMEI","04"
"CHENGYING","04"
"CHENGYU","04"
"CHENLAN","04"
"CHENLIN","04"
"CHENMEI","04"
"CHENMIN","04"
"CHENMING","04"
"CHENSU","04"
"CHENTZU","04"
"CHENYING","04"
"CHENYU","04"
"CHEON","08"
"CHERN","04"
"CHEU","04"
"CHEUK","04"
"CHEUN","04"
"CHEUNG","04"
"CHEW","04"
"CHHAYA","15"
"CHI","04"
"CHIACHEN","04"
"CHIAKI","05"
"CHIAN","04"
"CHIANG","04"
"CHIAO","04"
"CHIAOMEI","04"
"CHIAU","04"
"CHIAYIN","04"
"CHIAYING","04"
"CHICH","10"
"CHICHENG","04"
"CHICHIN","04"
"CHICHING","04"
"CHICK","04"
"CHIDORI","05"
"CHIE","05"
"CHIEH","04"
"CHIEKO","05"
"CHIEMI","05"
"CHIEN","04"
"CHIENHWA","04"
"CHIENMIN","04"
"CHIENO","05"
"CHIEU","10"
"CHIFANG","04"
"CHIFUMI","05"
"CHIGAKO","05"
"CHIH","04"
"CHIHARU","05"
"CHIHCHEN","04"
"CHIHCHIN","04"
"CHIHHUI","04"
"CHIHIRO","05"
"CHIHOKO","05"
"CHIHUA","04"
"CHIHUI","04"
"CHIHYING","04"
"CHIIKO","05"
"CHIK","04"
"CHIKA","05"
"CHIKAE","05"
"CHIKAKO","05"
"CHIKAYO","05"
"CHIL","08"
"CHILAN","04"
"CHILIN","04"
"CHIMAKO","05"
"CHIMEI","04"
"CHIMING","04"
"CHIN","04"
"CHINAMI","05"
"CHINCHIH","04"
"CHINCHIN","04"
"CHINCHU","04"
"CHINFANG","04"
"CHINFENG","04"
"CHINFONG","04"
"CHING","04"
"CHINGCHANG","04"
"CHINGCHEN","04"
"CHINGCHI","04"
"CHINGCHIH","04"
"CHINGCHU","04"
"CHINGCHUN","04"
"CHINGFANG","04"
"CHINGFEN","04"
"CHINGFONG","04"
"CHINGHSIANG","04"
"CHINGHSIEN","04"
"CHINGHSIU","04"
"CHINGHUA","04"
"CHINGHUI","04"
"CHINGHWA","04"
"CHINGJU","04"
"CHINGJUNG","04"
"CHINGLAN","04"
"CHINGLIEN","04"
"CHINGLIN","04"
"CHINGMEI","04"
"CHINGPING","04"
"CHINGPO","04"
"CHINGWAH","04"
"CHINGWEN","04"
"CHINGYI","04"
"CHINGYING","04"
"CHINGYU","04"
"CHINGYUAN","04"
"CHINGYUN","04"
"CHINH","10"
"CHINHO","04"
"CHINHSIU","04"
"CHINHSUEH","04"
"CHINHUA","04"
"CHINHUAN","04"
"CHINHWA","04"
"CHINJUNG","04"
"CHINLAN","04"
"CHINLI","04"
"CHINLIEN","04"
"CHINLING","04"
"CHINLUAN","04"
"CHINMEI","04"
"CHINNAMMA","15"
"CHINO","04"
"CHINPAO","04"
"CHINT","15"
"CHINTI","15"
"CHINTZU","04"
"CHINYEH","04"
"CHINYEN","04"
"CHINYIN","04"
"CHINYING","04"
"CHINYU","04"
"CHINYUAN","04"
"CHINYUEH","04"
"CHINYUN","04"
"CHIO","04"
"CHIONG","04"
"CHIOU","04"
"CHIPING","04"
"CHIRU","05"
"CHISAKO","05"
"CHISATO","05"
"CHISE","05"
"CHISEKO","05"
"CHITO","05"
"CHITOSE","05"
"CHITRALEKHA","15"
"CHIU","04"
"CHIUCHIN","04"
"CHIUCHU","04"
"CHIUHSIA","04"
"CHIUHSIANG","04"
"CHIULAN","04"
"CHIULIEN","04"
"CHIUMEI","04"
"CHIUN","04"
"CHIUNG","04"
"CHIUNGYING","04"
"CHIUYEN","04"
"CHIUYING","04"
"CHIUYUEH","04"
"CHIUYUN","04"
"CHIYA","05"
"CHIYAKO","05"
"CHIYE","05"
"CHIYEKO","05"
"CHIYIN","04"
"CHIYING","04"
"CHIYO","05"
"CHIYOE","05"
"CHIYOKA","05"
"CHIYOKO","05"
"CHIYOMI","05"
"CHIYONO","05"
"CHIYU","04"
"CHIYUN","04"
"CHIZU","05"
"CHIZUE","05"
"CHIZUKO","05"
"CHIZURU","05"
"CHIZUYO","05"
"CHOCK","04"
"CHOI","04"
"CHOIFUNG","04"
"CHOJA","08"
"CHOK","04"
"CHOKO","05"
"CHOL","08"
"CHOM","08"
"CHONG","08"
"CHONGAE","08"
"CHONGHEE","08"
"CHONGHUI","08"
"CHONGJA","08"
"CHONGOK","08"
"CHONGSOON","08"
"CHONGSUK","08"
"CHONGSUN","08"
"CHOO","08"
"CHOODAMANI","15"
"CHOOL","08"
"CHOON","08"
"CHOONG","08"
"CHOONJA","08"
"CHOONOK","08"
"CHOR","04"
"CHOT","10"
"CHOU","04"
"CHOUNG","08"
"CHOW","04"
"CHOY","04"
"CHU","04"
"CHUAN","04"
"CHUANFANG","04"
"CHUANG","04"
"CHUANYING","04"
"CHUC","10"
"CHUCHIH","04"
"CHUCHING","04"
"CHUCHUN","04"
"CHUEH","04"
"CHUEN","04"
"CHUFANG","04"
"CHUFEN","04"
"CHUFUNG","04"
"CHUHUA","04"
"CHUI","04"
"CHUIPING","04"
"CHUIYING","04"
"CHUJU","04"
"CHUK","04"
"CHUL","08"
"CHULAN","04"
"CHULING","04"
"CHUM","08"
"CHUMEI","04"
"CHUN","04"
"CHUNCHA","08"
"CHUNCHIH","04"
"CHUNCHIN","04"
"CHUNCHU","04"
"CHUNE","04"
"CHUNFANG","04"
"CHUNG","08"
"CHUNGAE","08"
"CHUNGHEE","08"
"CHUNGHI","08"
"CHUNGHWA","04"
"CHUNGJA","08"
"CHUNGLAN","04"
"CHUNGMEI","04"
"CHUNGOK","08"
"CHUNGSOOK","08"
"CHUNGSOON","08"
"CHUNGYIN","04"
"CHUNGYING","04"
"CHUNGYU","04"
"CHUNHSIANG","04"
"CHUNHUA","04"
"CHUNHUI","04"
"CHUNKUEI","04"
"CHUNLAN","04"
"CHUNLIN","04"
"CHUNLING","04"
"CHUNMEI","04"
"CHUNMING","04"
"CHUNTAI","04"
"CHUNTAO","04"
"CHUNYI","04"
"CHUNYIN","04"
"CHUNYING","04"
"CHUNYU","04"
"CHUO","04"
"CHUOC","10"
"CHUOI","10"
"CHUONG","10"
"CHUOT","10"
"CHUT","10"
"CHUYEN","10"
"CHUYING","04"
"CHUYU","04"
"CHUYUN","04"
"CHWEN","04"
"CHYN","04"
"CHYONG","04"
"CI","04"
"CIELITO","06"
"CLARAMMA","15"
"CLARIZA","06"
"CLAVEL","06"
"CO","10"
"COI","10"
"COMMEMORACIO","06"
"CON","10"
"CONCEJO","06"
"CONG","10"
"CONIGUNDA","06"
"CONMEMORACIO","06"
"CONSALACION","06"
"CONSEJO","06"
"CONSOLADORA","06"
"CONSTANTINO","06"
"CORAZON","06"
"CORONACION","06"
"CORZAON","06"
"COSMEDIN","06"
"CRESTITA","06"
"CRISENCIA","06"
"CRISPINIANA","06"
"CRISTITA","06"
"CU","10"
"CUA","10"
"CUC","10"
"CUI","04"
"CUIDI","04"
"CUIFANG","04"
"CUIHUA","04"
"CUIJIN","04"
"CUIJUAN","04"
"CUILAN","04"
"CUILING","04"
"CUIPING","04"
"CUIRONG","04"
"CUIXIA","04"
"CUIYING","04"
"CUIYU","04"
"CUIYUN","04"
"CUIZHEN","04"
"CUNG","10"
"CUOC","10"
"CUOI","10"
"CUONG","10"
"CUT","10"
"CUU","10"
"DAC","10"
"DAESOON","08"
"DAFROSA","06"
"DAHIBEN","15"
"DAKSHA","15"
"DAL","08"
"DALBIR","15"
"DALEEP","15"
"DALIP","15"
"DALISAY","06"
"DALJEET","15"
"DALJIT","15"
"DALMACIA","06"
"DALSUN","08"
"DAM","10"
"DAMAYANTI","15"
"DAMAYANTIBEN","15"
"DAMEI","04"
"DAMINI","15"
"DAMYANTI","15"
"DAMYANTIBEN","15"
"DANG","10"
"DANH","10"
"DAO","10"
"DAROPTI","15"
"DARSHAN","15"
"DASARI","15"
"DAT","10"
"DATIVA","06"
"DAU","10"
"DAULAT","15"
"DAULATBAI","15"
"DAULATKHANU","15"
"DAVINDER","15"
"DAXABEN","15"
"DAYAWATI","15"
"DAYING","04"
"DAYLINDA","06"
"DEDICACION","06"
"DEENAMMA","15"
"DEEP","04"
"DEFANG","04"
"DEFEN","04"
"DEHUA","04"
"DELAPAZ","06"
"DEMEI","04"
"DEMETRIO","06"
"DEMOCRITA","06"
"DEN","10"
"DENH","10"
"DEOGRACIAS","06"
"DEOK","08"
"DEP","10"
"DERONG","04"
"DESAI","15"
"DET","10"
"DEUK","08"
"DEUNG","08"
"DEVAKI","15"
"DEVAKIAMMA","15"
"DEVAYANI","15"
"DEVIBEN","15"
"DEVILA","15"
"DEVINDRA","15"
"DEVINDRABALA","15"
"DEVYANI","15"
"DEXIN","04"
"DEYING","04"
"DEYU","04"
"DEZHAO","04"
"DEZHEN","04"
"DHAN","15"
"DHANGAURI","15"
"DHANIBEN","15"
"DHANLAXMI","15"
"DHANLAXMIBEN","15"
"DHANTI","15"
"DHANUBEN","15"
"DHARAM","15"
"DHARMISTHA","15"
"DHIRAJ","15"
"DHIRAJBEN","15"
"DHUN","15"
"DI","04"
"DIANITA","06"
"DICH","10"
"DIE","04"
"DIEM","10"
"DIEN","10"
"DIEP","10"
"DIEU","10"
"DIHUA","04"
"DILSHAD","15"
"DIN","04"
"DING","04"
"DINH","10"
"DINOO","15"
"DIONESIA","06"
"DIOSCORA","06"
"DIP","04"
"DIPAKBEN","15"
"DIPALI","15"
"DIPTI","15"
"DIU","10"
"DIVALIBEN","15"
"DIVYAPRABHA","15"
"DIWALIBEN","15"
"DOA","10"
"DOAI","10"
"DOAN","10"
"DOANH","10"
"DOC","10"
"DOI","10"
"DOK","08"
"DOMINADOR","06"
"DOMINADORA","06"
"DONG","08"
"DONGAE","08"
"DONGMEI","04"
"DONGSOON","08"
"DOO","08"
"DOSOON","08"
"DOULAT","15"
"DROPADI","15"
"DU","10"
"DUC","10"
"DUCK","08"
"DUCKSOON","08"
"DUDHIBEN","15"
"DUEN","04"
"DUI","04"
"DUK","08"
"DUKHEE","08"
"DUKSOON","08"
"DULCESIMA","06"
"DULCISIMA","06"
"DULZURA","06"
"DUNG","10"
"DUOC","10"
"DUOM","10"
"DUONG","10"
"DURDANA","15"
"DURGA","15"
"DURGABEN","15"
"DUT","10"
"DUY","10"
"DUYEN","10"
"DUYET","10"
"DZUNG","10"
"ECHIKO","05"
"EDARLINA","06"
"EDELISA","06"
"EDERLINA","06"
"EFIPANIA","06"
"EI","05"
"EIKO","05"
"EKI","05"
"EKUKO","05"
"ELVIGIA","06"
"EMELIANA","06"
"EMERINCIANA","06"
"EMERLINA","06"
"EMI","05"
"EMIKO","05"
"EMILIANO","06"
"ENDRICA","06"
"ENECITA","06"
"EPEFANIA","06"
"EPETACIA","06"
"EPIGENIA","06"
"ER","04"
"ERH","04"
"ERMEI","04"
"ERODITA","06"
"ERUDITA","06"
"ESBERTA","06"
"ESMENIA","06"
"ESPERIDIONA","06"
"ESPERITA","06"
"ESPIRITA","06"
"ESTANISLAWA","06"
"ESTERLITA","06"
"ESTIFANIA","06"
"ESTRELITA","06"
"ETSU","05"
"ETSUKO","05"
"ETSUYO","05"
"EUFEMIANA","06"
"EUFRANCIA","06"
"EUFRECINA","06"
"EUFRESINA","06"
"EUFROCINIA","06"
"EUFRONIA","06"
"EUI","08"
"EUL","08"
"EUM","08"
"EUN","08"
"EUNAE","08"
"EUNG","08"
"EUNHEE","08"
"EUNJA","08"
"EUNKYUNG","08"
"EUNSOOK","08"
"EUNSOON","08"
"EXALTACION","06"
"EXEQUIELA","06"
"EXPECTACION","06"
"EXPEDITA","06"
"FAHMIDA","15"
"FAI","04"
"FAKHRUN","15"
"FANG","04"
"FANGCHIH","04"
"FANGMEI","04"
"FAR","04"
"FARHAT","15"
"FARZANA","15"
"FAT","04"
"FATHIMA","15"
"FATIMABAI","15"
"FATIMABIBI","15"
"FATMABAI","15"
"FATMABEN","15"
"FEE","04"
"FEI","04"
"FELECIDAD","06"
"FELECISIMA","06"
"FELICISIMA","06"
"FELICISMA","06"
"FELICITACION","06"
"FELICULA","06"
"FELISBERTA","06"
"FELISICIMA","06"
"FELIXBERTA","06"
"FELIZARDA","06"
"FELOMINA","06"
"FELONILA","06"
"FELY","06"
"FEN","04"
"FENG","04"
"FENGCHEN","04"
"FENGCHIAO","04"
"FENGDI","04"
"FENGE","04"
"FENGHUA","04"
"FENGJIN","04"
"FENGLIAN","04"
"FENGLIN","04"
"FENGLING","04"
"FENGMEI","04"
"FENGMING","04"
"FENGPING","04"
"FENGQIN","04"
"FENGRONG","04"
"FENGWU","04"
"FENGXIA","04"
"FENGXIAN","04"
"FENGXIU","04"
"FENGYI","04"
"FENGYING","04"
"FENGYU","04"
"FENGYUAN","04"
"FENGYUN","04"
"FENGZHEN","04"
"FENGZHU","04"
"FENICULA","06"
"FEROZ","15"
"FIDELIDAD","06"
"FILIPINAS","06"
"FILONILA","06"
"FILOTEA","06"
"FIRDOUS","15"
"FLEURDELIZ","06"
"FLOCERFIDA","06"
"FLOCERFINA","06"
"FLOCERPIDA","06"
"FLORDELINA","06"
"FLORDELIS","06"
"FLORDELISA","06"
"FLORDELIZ","06"
"FLORDELIZA","06"
"FLORECITA","06"
"FLORESITA","06"
"FLORFINA","06"
"FLOSERFIDA","06"
"FLOSERFINA","06"
"FLOTILDA","06"
"FO","04"
"FOK","04"
"FONG","04"
"FONGMEI","04"
"FOO","04"
"FOOK","04"
"FOON","04"
"FOONG","04"
"FOU","04"
"FOUNG","04"
"FRAXEDES","06"
"FREDESMINDA","06"
"FREDISVINDA","06"
"FRENY","15"
"FRESCA","06"
"FRUCTOSA","06"
"FRUCTOUSA","06"
"FU","04"
"FUCHIH","04"
"FUCHING","04"
"FUDE","05"
"FUDEKO","05"
"FUH","04"
"FUI","04"
"FUJI","05"
"FUJIE","05"
"FUJIKO","05"
"FUJINO","05"
"FUJIYO","05"
"FUJUNG","04"
"FUK","04"
"FUKI","05"
"FUKIE","05"
"FUKIKO","05"
"FUKU","05"
"FUKUE","05"
"FUKUKO","05"
"FUKUMI","05"
"FUKUYO","05"
"FULIBEN","15"
"FULING","04"
"FUMEI","04"
"FUMI","05"
"FUMIE","05"
"FUMIKA","05"
"FUMIKO","05"
"FUMINO","05"
"FUMIYO","05"
"FUN","04"
"FUNG","04"
"FUNGKING","04"
"FUNGKWAN","04"
"FUNGLIN","04"
"FUNGSIN","04"
"FUNGWAN","04"
"FUNGYEE","04"
"FUNGYING","04"
"FURONG","04"
"FUSA","05"
"FUSAE","05"
"FUSAKO","05"
"FUSANO","05"
"FUSAYE","05"
"FUSAYO","05"
"FUSHENG","04"
"FUTABA","05"
"FUYING","04"
"FUYO","05"
"FUYOKO","05"
"FUYU","05"
"FUYUKO","05"
"FUYUMI","05"
"FUYUN","04"
"FUZHEN","04"
"GA","10"
"GAB","08"
"GAI","10"
"GAJARABEN","15"
"GAJRABEN","15"
"GALICANA","06"
"GANG","04"
"GANGA","15"
"GANGABEN","15"
"GAO","04"
"GAP","08"
"GARGI","15"
"GAT","10"
"GAUDENCIO","06"
"GAURIBEN","15"
"GAYATRI","15"
"GEE","04"
"GEETA","15"
"GEMINIANA","06"
"GENDI","04"
"GENG","04"
"GENOUEVA","06"
"GENOVIVA","06"
"GENXIU","04"
"GERMELINA","06"
"GERVACIA","06"
"GET","04"
"GEUM","08"
"GEW","04"
"GHET","10"
"GHOUSIA","15"
"GI","08"
"GIAC","10"
"GIAN","15"
"GIANG","10"
"GIAO","10"
"GIAP","10"
"GIAU","10"
"GIENG","10"
"GIL","08"
"GIM","04"
"GIMENA","06"
"GIN","04"
"GING","04"
"GIO","10"
"GIOI","10"
"GIOKENG","04"
"GION","10"
"GIONG","10"
"GIRIJA","15"
"GIRJABEN","15"
"GIT","04"
"GITABEN","15"
"GIUA","10"
"GIUP","10"
"GLECERIA","06"
"GLORIFICACIO","06"
"GLORIOSA","06"
"GO","04"
"GOBIND","15"
"GODAVARI","15"
"GODAVARIBEN","15"
"GODAVRIBEN","15"
"GODOFREDA","06"
"GOK","04"
"GOMATBEN","15"
"GOMATHI","15"
"GOMATHY","15"
"GOMTI","15"
"GOMTIBEN","15"
"GON","04"
"GONG","04"
"GOO","04"
"GOOK","04"
"GOON","04"
"GOURI","15"
"GOW","04"
"GOWRAMMA","15"
"GOWRI","15"
"GOZE","05"
"GU","04"
"GUALBERTA","06"
"GUAN","04"
"GUANG","04"
"GUANGHUA","04"
"GUANGYING","04"
"GUEY","04"
"GUI","04"
"GUIA","06"
"GUIBAO","04"
"GUIDI","04"
"GUIFANG","04"
"GUIFEN","04"
"GUIFENG","04"
"GUIHUA","04"
"GUILAN","04"
"GUILING","04"
"GUIMEI","04"
"GUIQIN","04"
"GUIQING","04"
"GUIRONG","04"
"GUIXIAN","04"
"GUIYING","04"
"GUIYUAN","04"
"GUIYUN","04"
"GUIZHEN","04"
"GUIZHI","04"
"GUIZHU","04"
"GUK","08"
"GULAB","15"
"GULABBEN","15"
"GULBANO","15"
"GULBANOO","15"
"GULBANU","15"
"GUM","04"
"GUNVANTI","15"
"GUO","04"
"GUOFANG","04"
"GUOFEN","04"
"GUOHUA","04"
"GUONG","10"
"GUOYING","04"
"GUOZHEN","04"
"GUPTA","15"
"GURBACHAN","15"
"GURBAKSH","15"
"GURBAX","15"
"GURCHARAN","15"
"GURCHARN","15"
"GURDEEP","15"
"GURDEV","15"
"GURDIAL","15"
"GURDIP","15"
"GURJIT","15"
"GURMAIL","15"
"GURMEET","15"
"GURMEJ","15"
"GURMIT","15"
"GURNAM","15"
"GURPAL","15"
"GURSHARAN","15"
"GWANG","08"
"GWI","08"
"GYAN","15"
"GYE","08"
"GYEONG","08"
"GYU","08"
"GYUNG","08"
"HA","10"
"HABEEB","15"
"HABIBUNNISA","15"
"HAC","10"
"HACK","08"
"HAE","08"
"HAEJA","08"
"HAENG","08"
"HAESOOK","08"
"HAESOON","08"
"HAESUN","08"
"HAFEEZ","15"
"HAG","08"
"HAI","10"
"HAING","08"
"HAITHI","10"
"HAJERA","15"
"HAJIME","05"
"HAJIRA","15"
"HAJRA","15"
"HAK","08"
"HAKSOON","08"
"HALL","04"
"HAMA","05"
"HAMAE","05"
"HAMAKO","05"
"HAMAYO","05"
"HANAE","05"
"HANAKO","05"
"HANAYO","05"
"HANFEN","04"
"HANG","04"
"HANH","10"
"HANHSIAO","04"
"HANLAN","04"
"HANSA","15"
"HANSABEN","15"
"HANSOOK","08"
"HANYING","04"
"HAO","10"
"HAR","04"
"HARBALA","15"
"HARBANS","15"
"HARBHAJAN","15"
"HARCHARAN","15"
"HARDIAL","15"
"HARDYAL","15"
"HARIBEN","15"
"HARIGANGA","15"
"HARIGANGABEN","15"
"HARINDER","15"
"HARJEET","15"
"HARJINDER","15"
"HARJIT","15"
"HARKHABEN","15"
"HARMINDER","15"
"HARNAM","15"
"HARPAL","15"
"HARU","05"
"HARUE","05"
"HARUKA","05"
"HARUKO","05"
"HARUMI","05"
"HARUNO","05"
"HARUO","05"
"HARUYE","05"
"HARUYO","05"
"HARV","05"
"HARVE","05"
"HASEENA","15"
"HASI","15"
"HASMUKH","15"
"HASMUKHBEN","15"
"HASUBEN","15"
"HASUMATI","15"
"HASUMATIBEN","15"
"HAT","10"
"HATSU","05"
"HATSUE","05"
"HATSUI","05"
"HATSUKO","05"
"HATSUME","05"
"HATSUMI","05"
"HATSUNE","05"
"HATSUNO","05"
"HATSUYE","05"
"HATSUYO","05"
"HAU","04"
"HAW","04"
"HAWABAI","15"
"HAYAKO","05"
"HAZUE","05"
"HEA","08"
"HEAJA","08"
"HEDELIZA","06"
"HEE","08"
"HEEJA","08"
"HEEKYUNG","08"
"HEESOOK","08"
"HEESOON","08"
"HEEYOUNG","08"
"HEH","08"
"HEI","08"
"HEIN","10"
"HELARIA","06"
"HEM","15"
"HEMALATA","15"
"HEMALATHA","15"
"HEMIBEN","15"
"HEMLATA","15"
"HEMLATABEN","15"
"HEMLATTA","15"
"HEN","10"
"HEONG","04"
"HERMENIGILDA","06"
"HERMINIGILDA","06"
"HERMOGENA","06"
"HERMOGENESA","06"
"HERMOGINA","06"
"HET","10"
"HEUI","08"
"HEW","04"
"HEY","08"
"HEYI","04"
"HEYING","04"
"HEZHEN","04"
"HI","08"
"HIA","10"
"HIDE","05"
"HIDEKO","05"
"HIDEMI","05"
"HIDENO","05"
"HIDEYO","05"
"HIE","08"
"HIEM","10"
"HIEN","10"
"HIEP","10"
"HIEU","10"
"HIFUMI","05"
"HIGINA","06"
"HIJA","08"
"HIMEKO","05"
"HIN","04"
"HINA","05"
"HINAKO","05"
"HING","04"
"HINH","10"
"HIP","04"
"HIRABEN","15"
"HIRALAXMI","15"
"HIRAMANI","15"
"HIRBAI","15"
"HIRO","05"
"HIROE","05"
"HIROKA","05"
"HIROKO","05"
"HIROMI","05"
"HIROSHI","05"
"HIROYO","05"
"HISA","05"
"HISAE","05"
"HISAKO","05"
"HISAMI","05"
"HISANO","05"
"HISAYE","05"
"HISAYO","05"
"HISOOK","08"
"HITEKO","05"
"HITOE","05"
"HITOKO","05"
"HITOMI","05"
"HIU","04"
"HO","04"
"HOA","10"
"HOAI","10"
"HOAN","10"
"HOANG","10"
"HOANGANH","10"
"HOANH","10"
"HOAT","10"
"HOC","10"
"HOCK","04"
"HOE","10"
"HOEY","04"
"HOI","10"
"HOK","04"
"HOM","04"
"HOMAI","15"
"HOMEI","04"
"HONE","04"
"HONGDAO","10"
"HONGHOA","10"
"HONGJA","08"
"HONGLIEN","10"
"HONGMEI","04"
"HONGVAN","10"
"HONGYU","04"
"HOOR","15"
"HOORBAI","15"
"HOP","04"
"HOR","04"
"HORNG","04"
"HOSPICIA","06"
"HOU","04"
"HOW","04"
"HOYING","04"
"HSI","04"
"HSIA","04"
"HSIAN","04"
"HSIANG","04"
"HSIANGMEI","04"
"HSIAO","04"
"HSIAOCHUN","04"
"HSICHEN","04"
"HSIE","04"
"HSIEH","04"
"HSIEN","04"
"HSIENNU","04"
"HSIH","04"
"HSILAN","04"
"HSIMEI","04"
"HSIN","04"
"HSING","04"
"HSINMEI","04"
"HSINYUAN","04"
"HSIO","04"
"HSIOU","04"
"HSIU","04"
"HSIUCHEN","04"
"HSIUCHENG","04"
"HSIUCHI","04"
"HSIUCHIH","04"
"HSIUCHIN","04"
"HSIUCHING","04"
"HSIUCHU","04"
"HSIUCHUAN","04"
"HSIUCHUN","04"
"HSIUFANG","04"
"HSIUFENG","04"
"HSIUFONG","04"
"HSIUHSIA","04"
"HSIUHUA","04"
"HSIUHUI","04"
"HSIUING","04"
"HSIUJUNG","04"
"HSIULAN","04"
"HSIULIEN","04"
"HSIULING","04"
"HSIULUAN","04"
"HSIUMEI","04"
"HSIUMIN","04"
"HSIUNG","04"
"HSIUO","04"
"HSIUTZU","04"
"HSIUYEN","04"
"HSIUYIN","04"
"HSIUYING","04"
"HSIUYU","04"
"HSIUYUAN","04"
"HSIUYUEH","04"
"HSIUYUN","04"
"HSU","04"
"HSUAN","04"
"HSUCH","04"
"HSUE","04"
"HSUEH","04"
"HSUEHCHEN","04"
"HSUEHCHIAO","04"
"HSUEHCHIN","04"
"HSUEHCHING","04"
"HSUEHHSIA","04"
"HSUEHHSIANG","04"
"HSUEHHUA","04"
"HSUEHMEI","04"
"HSUEHO","04"
"HSUEHPING","04"
"HSUEHTZU","04"
"HSUEHYUN","04"
"HSUI","04"
"HSUMEI","04"
"HSUN","04"
"HSUYING","04"
"HU","04"
"HUA","04"
"HUAI","04"
"HUAMEI","04"
"HUAN","04"
"HUANG","04"
"HUANMEI","04"
"HUANYI","04"
"HUANYING","04"
"HUAYING","04"
"HUE","10"
"HUEI","04"
"HUEIFANG","04"
"HUEIMEI","04"
"HUI","04"
"HUIAI","04"
"HUICHANG","04"
"HUICHEN","04"
"HUICHING","04"
"HUICHU","04"
"HUICHUAN","04"
"HUICHUN","04"
"HUIDE","04"
"HUIE","04"
"HUIFANG","04"
"HUIFEN","04"
"HUIFENG","04"
"HUIHUA","04"
"HUIJIN","04"
"HUIJU","04"
"HUIJUAN","04"
"HUIJUN","04"
"HUILAN","04"
"HUILI","04"
"HUILIAN","04"
"HUILIN","04"
"HUILING","04"
"HUIMEI","04"
"HUIMIN","04"
"HUIMING","04"
"HUIPING","04"
"HUIQIN","04"
"HUIQING","04"
"HUIQIONG","04"
"HUIQUN","04"
"HUIRONG","04"
"HUIRU","04"
"HUISHU","04"
"HUIWEN","04"
"HUIXIA","04"
"HUIXIAN","04"
"HUIXIANG","04"
"HUIXIN","04"
"HUIYI","04"
"HUIYIN","04"
"HUIYING","04"
"HUIYU","04"
"HUIYUAN","04"
"HUIYUN","04"
"HUIZHEN","04"
"HUIZHI","04"
"HUIZHONG","04"
"HUIZHU","04"
"HUMAIRA","15"
"HUMERA","15"
"HUMIKO","05"
"HUMILDAD","06"
"HUNG","04"
"HUO","04"
"HUOI","10"
"HUONG","10"
"HUP","04"
"HURI","15"
"HUSENA","15"
"HUSN","15"
"HUU","10"
"HUYEN","10"
"HUYNH","10"
"HUYNHHOA","10"
"HWA","08"
"HWACHA","08"
"HWAJA","08"
"HWAK","08"
"HWAN","08"
"HWANG","04"
"HWASOOK","08"
"HWASOON","08"
"HWASUN","08"
"HWAYING","04"
"HWEI","04"
"HWEILAN","04"
"HWEIMEI","04"
"HWI","08"
"HY","10"
"HYAE","08"
"HYAN","08"
"HYANG","08"
"HYE","08"
"HYEJA","08"
"HYEON","08"
"HYESOOK","08"
"HYO","08"
"HYOJA","08"
"HYOK","08"
"HYON","08"
"HYONG","08"
"HYOSOOK","08"
"HYOSOON","08"
"HYOUNG","08"
"HYUK","08"
"HYUN","08"
"HYUNG","08"
"HYUNGSOOK","08"
"HYUNGSOON","08"
"HYUNJA","08"
"HYUNSOOK","08"
"ICH","10"
"ICHCHHABEN","15"
"ICHEN","04"
"ICHI","05"
"ICHIE","05"
"ICHIKO","05"
"ICHING","04"
"ICHIYO","05"
"ICHUN","04"
"IDERLINA","06"
"IENG","04"
"IFANG","04"
"IGMEDIA","06"
"IHN","08"
"IHOKO","05"
"IK","08"
"IKI","05"
"IKIKO","05"
"IKU","05"
"IKUE","05"
"IKUKO","05"
"IKUYO","05"
"IL","08"
"ILABEN","15"
"ILL","08"
"ILLUMINADA","06"
"ILSUN","08"
"IM","08"
"IMEI","04"
"IMI","05"
"IMIKO","05"
"IMMACULADA","06"
"IMSOON","08"
"IMSUN","08"
"IN","08"
"INCHA","08"
"IND","15"
"INDERJIT","15"
"INDIRA","15"
"INDIRABAI","15"
"INDIRABEN","15"
"INDIRAMMA","15"
"INDRABALA","15"
"INDRANI","15"
"INDU","15"
"INDUBEN","15"
"INDUMATI","15"
"INDUMATIBEN","15"
"INEKO","05"
"INHEE","08"
"INJA","08"
"INN","08"
"INOK","08"
"INSOO","08"
"INSOOK","08"
"INSOON","08"
"INSUK","08"
"INSUN","08"
"IOK","04"
"IPBUN","08"
"IQBAL","15"
"IQBALUNNISA","15"
"ISAKO","05"
"ISAMI","05"
"ISANO","05"
"ISAO","05"
"ISAYO","05"
"ISE","05"
"ISEKO","05"
"ISHI","05"
"ISHIKO","05"
"ISHRAT","15"
"ISHWAR","15"
"ISMAELITA","06"
"ISO","05"
"ISOKO","05"
"ISONO","05"
"ISUZU","05"
"ITO","05"
"ITOE","05"
"ITOKO","05"
"ITOYO","05"
"ITSU","05"
"ITSUE","05"
"ITSUKO","05"
"ITSUNO","05"
"ITSUYO","05"
"IU","04"
"IUT","04"
"IWA","05"
"IWAKO","05"
"IWEN","04"
"IYO","05"
"IYOKO","05"
"IZUMI","05"
"JA","08"
"JADABEN","15"
"JADAVBEN","15"
"JADIBEN","15"
"JAE","08"
"JAEHEE","08"
"JAEOK","08"
"JAESOOK","08"
"JAESOON","08"
"JAESUN","08"
"JAGDISH","15"
"JAGIR","15"
"JAGJIT","15"
"JALOO","15"
"JAMANABEN","15"
"JAMEEL","15"
"JAMNA","15"
"JAMNABEN","15"
"JAMUNA","15"
"JANAK","15"
"JANAKI","15"
"JANAKY","15"
"JANG","08"
"JANGIR","15"
"JANUARIA","06"
"JAO","04"
"JARNAIL","15"
"JASBIR","15"
"JASHODA","15"
"JASHODABEN","15"
"JASHUBEN","15"
"JASHUMATI","15"
"JASHVANTIBEN","15"
"JASHWANTI","15"
"JASJIT","15"
"JASMAIL","15"
"JASMINIA","06"
"JASODABEN","15"
"JASPAL","15"
"JASUBEN","15"
"JASUDBEN","15"
"JASUMATI","15"
"JASUMATIBEN","15"
"JASVANTI","15"
"JASVIR","15"
"JASWANT","15"
"JASWANTI","15"
"JASWANTIBEN","15"
"JASWINDER","15"
"JATINDER","15"
"JAYA","15"
"JAYABEN","15"
"JAYAGAURI","15"
"JAYALAKSHMI","15"
"JAYALAXMI","15"
"JAYAMMA","15"
"JAYANTI","15"
"JAYASHREE","15"
"JAYASREE","15"
"JAYMATI","15"
"JAYSHREE","15"
"JAZMIN","06"
"JE","08"
"JEET","15"
"JEKORBEN","15"
"JELIBEN","15"
"JENAB","15"
"JENABAI","15"
"JENG","04"
"JEOM","08"
"JEONG","08"
"JEONGHEE","08"
"JEOUNG","08"
"JEROO","15"
"JETHIBEN","15"
"JEUM","08"
"JEUNG","08"
"JEW","04"
"JHANSI","15"
"JHARNA","15"
"JI","08"
"JIA","04"
"JIAHUI","04"
"JIALI","04"
"JIAMEI","04"
"JIAN","04"
"JIANG","04"
"JIANHUA","04"
"JIANYING","04"
"JIAO","04"
"JIAYING","04"
"JIAYU","04"
"JIAZHEN","04"
"JIBABEN","15"
"JICK","04"
"JIE","04"
"JIERU","04"
"JIEYING","04"
"JIEZHEN","04"
"JIFEN","04"
"JIH","04"
"JIIN","04"
"JILAN","04"
"JIN","04"
"JINAI","04"
"JINCHANG","04"
"JINDI","04"
"JINFANG","04"
"JINFENG","04"
"JING","04"
"JINGCHENG","04"
"JINGFANG","04"
"JINGFEN","04"
"JINGHUA","04"
"JINGHUI","04"
"JINGLAN","04"
"JINGMEI","04"
"JINGMIN","04"
"JINGQING","04"
"JINGRONG","04"
"JINGRU","04"
"JINGWEN","04"
"JINGXI","04"
"JINGXIA","04"
"JINGXIAN","04"
"JINGYAN","04"
"JINGYI","04"
"JINGYING","04"
"JINGYUAN","04"
"JINGYUN","04"
"JINGZHEN","04"
"JINGZHI","04"
"JINHAO","04"
"JINHE","04"
"JINHUA","04"
"JINHUAN","04"
"JINJA","08"
"JINJU","04"
"JINKO","05"
"JINLAN","04"
"JINLIAN","04"
"JINLING","04"
"JINMEI","04"
"JINNU","04"
"JINOK","08"
"JINPING","04"
"JINRONG","04"
"JINRU","04"
"JINSOOK","08"
"JINSOON","08"
"JINSUN","08"
"JINWEN","04"
"JINXIA","04"
"JINXIAN","04"
"JINXIU","04"
"JINYAN","04"
"JINYI","04"
"JINYING","04"
"JINYOUNG","08"
"JINYU","04"
"JINYUN","04"
"JINZHEN","04"
"JINZHI","04"
"JINZHU","04"
"JIT","15"
"JITO","15"
"JITSUKO","05"
"JIU","04"
"JIUAN","04"
"JIUN","04"
"JIVIBEN","15"
"JIXIANG","04"
"JIZHEN","04"
"JOGINDER","15"
"JOITIBEN","15"
"JOM","08"
"JONG","08"
"JONGHEE","08"
"JONGLIM","08"
"JONGOK","08"
"JONGSOOK","08"
"JONGSOON","08"
"JOO","08"
"JOOK","08"
"JOON","08"
"JOONG","08"
"JOU","04"
"JOUNG","08"
"JOVENCIA","06"
"JOW","04"
"JOYAMMA","15"
"JU","04"
"JUBEDA","15"
"JUE","04"
"JUEI","04"
"JUFEN","04"
"JUHUA","04"
"JUI","04"
"JUICHEN","04"
"JUICHIN","04"
"JUICHU","04"
"JUIFANG","04"
"JUIFEN","04"
"JUIPING","04"
"JUIYING","04"
"JUIYUN","04"
"JUK","08"
"JUM","08"
"JUMEI","04"
"JUMSOON","08"
"JUNG","08"
"JUNGAE","08"
"JUNGHEE","08"
"JUNGHI","08"
"JUNGHWA","08"
"JUNGIM","08"
"JUNGJA","08"
"JUNGNAM","08"
"JUNGOK","08"
"JUNGSOOK","08"
"JUNGSOON","08"
"JUNGSUK","08"
"JUNGSUN","08"
"JUNGYUN","08"
"JUNKO","05"
"JUNMEI","04"
"JUNYING","04"
"JUNYU","04"
"JUO","04"
"JUTHIKA","15"
"JUYING","04"
"JUYU","04"
"JUZHEN","04"
"JY","04"
"JYE","04"
"JYOTI","15"
"JYOTIBALA","15"
"JYOTIBEN","15"
"JYOTSANA","15"
"JYOTSNA","15"
"JYOTSNABEN","15"
"JYU","04"
"JYUNG","08"
"KAB","08"
"KACHIKO","05"
"KAEKO","05"
"KAI","04"
"KAILAS","15"
"KAILASBEN","15"
"KAILASH","15"
"KAILASHBEN","15"
"KAJIKO","05"
"KAKUKO","05"
"KALABEN","15"
"KALAVATHI","15"
"KALAVATI","15"
"KALAVATIBEN","15"
"KALAWATI","15"
"KALPAGAM","15"
"KALPAKAM","15"
"KALYANI","15"
"KAM","04"
"KAMA","05"
"KAMADA","05"
"KAMADO","05"
"KAMAKSHI","15"
"KAMAL","15"
"KAMALA","15"
"KAMALABAI","15"
"KAMALABEN","15"
"KAMALADEVI","15"
"KAMALAKSHY","15"
"KAMALAM","15"
"KAMALAMMA","15"
"KAMALINI","15"
"KAMALJIT","15"
"KAMATA","05"
"KAMATO","05"
"KAMCHU","04"
"KAME","05"
"KAMEI","05"
"KAMEKO","05"
"KAMENO","05"
"KAMESWARAMMA","15"
"KAMESWARI","15"
"KAMEYO","05"
"KAMFUNG","04"
"KAMHEUNG","04"
"KAMI","05"
"KAMINI","15"
"KAMLA","15"
"KAMLABEN","15"
"KAMLAGAURI","15"
"KAMLAN","04"
"KAMLESH","15"
"KAMLIN","04"
"KAMMUI","04"
"KAMOI","04"
"KAMTAI","04"
"KAMUBEN","15"
"KAMWAH","04"
"KAMWAN","04"
"KAMYEE","04"
"KAMYING","04"
"KAMYUK","04"
"KAMYUNG","04"
"KAN","04"
"KANA","05"
"KANAE","05"
"KANAK","15"
"KANAKA","15"
"KANAKO","05"
"KANCHAN","15"
"KANCHANBEN","15"
"KANCHANGAURI","15"
"KANE","05"
"KANEKO","05"
"KANEO","05"
"KANEYO","05"
"KANG","08"
"KANKUBEN","15"
"KANNAN","08"
"KANO","05"
"KANTA","15"
"KANTABEN","15"
"KANTAGAURI","15"
"KANTHA","15"
"KANTHAMMA","15"
"KANTI","15"
"KAO","04"
"KAORI","05"
"KAORU","05"
"KAORUKO","05"
"KAP","08"
"KAPILA","15"
"KAPILABEN","15"
"KAPSOON","08"
"KAR","04"
"KARAM","15"
"KAREEM","15"
"KARMI","15"
"KARTAR","15"
"KARTARI","15"
"KARUNA","15"
"KASHI","15"
"KASHIBEN","15"
"KASHIKO","05"
"KASHMIR","15"
"KASHMIRA","15"
"KASTUR","15"
"KASTURBEN","15"
"KASTURI","15"
"KASUMI","05"
"KATSU","05"
"KATSUE","05"
"KATSUKO","05"
"KATSUMI","05"
"KATSUNO","05"
"KATSUYO","05"
"KAU","04"
"KAUSALYA","15"
"KAUSHAL","15"
"KAUSHALAYA","15"
"KAUSHALYA","15"
"KAYAKO","05"
"KAYO","05"
"KAYOKO","05"
"KAZU","05"
"KAZUE","05"
"KAZUKO","05"
"KAZUME","05"
"KAZUMI","05"
"KAZUNO","05"
"KAZUYO","05"
"KEH","04"
"KEIKO","05"
"KELKO","05"
"KENG","04"
"KEOM","08"
"KEQIN","04"
"KESA","05"
"KESANO","05"
"KESAR","15"
"KESARBEN","15"
"KESHARBEN","15"
"KEUM","08"
"KEUMJA","08"
"KEUMSOON","08"
"KEUMSUN","08"
"KEUN","08"
"KEW","04"
"KEWAL","15"
"KEYING","04"
"KHA","10"
"KHAI","10"
"KHAIRUNISA","15"
"KHAIRUNISSA","15"
"KHAIRUNNISA","15"
"KHANG","10"
"KHANH","10"
"KHATIJA","15"
"KHATIJABAI","15"
"KHAU","10"
"KHE","10"
"KHEN","10"
"KHEO","10"
"KHI","10"
"KHIEM","10"
"KHIEN","10"
"KHIET","10"
"KHIEU","10"
"KHINH","10"
"KHOA","10"
"KHOAI","10"
"KHOAN","10"
"KHOANH","10"
"KHOE","10"
"KHOI","10"
"KHORSHED","15"
"KHUE","10"
"KHUON","10"
"KHUONG","10"
"KHURSHED","15"
"KHURSHEED","15"
"KHUY","10"
"KHUYEN","10"
"KI","08"
"KIANG","04"
"KICH","10"
"KICHI","05"
"KIEKO","05"
"KIEM","10"
"KIEN","10"
"KIET","10"
"KIEU","10"
"KIEV","10"
"KIEW","04"
"KII","05"
"KIIKO","05"
"KIJU","05"
"KIKIBEN","15"
"KIKU","05"
"KIKUE","05"
"KIKUKO","05"
"KIKUMI","05"
"KIKUNO","05"
"KIKUYE","05"
"KIKUYO","05"
"KIL","08"
"KILJA","08"
"KILSOON","08"
"KIMANH","10"
"KIMCHI","10"
"KIMCUC","10"
"KIMDINH","10"
"KIMDUNG","10"
"KIMHOA","10"
"KIMHONG","10"
"KIMHUE","10"
"KIMI","05"
"KIMIE","05"
"KIMIKO","05"
"KIMINO","05"
"KIMIYE","05"
"KIMIYO","05"
"KIMKHANH","10"
"KIMKHUE","10"
"KIMLAN","10"
"KIMLANG","10"
"KIMLIEN","10"
"KIMLOAN","10"
"KIMNGOC","10"
"KIMOANH","10"
"KIMPHUNG","10"
"KIMQUY","10"
"KIMSA","10"
"KIMSON","10"
"KIMTHANH","10"
"KIMTHOA","10"
"KIMTHU","10"
"KIMVAN","10"
"KIMXUYEN","10"
"KIMYEN","10"
"KIN","04"
"KINAM","08"
"KING","04"
"KINGFONG","04"
"KINGYING","04"
"KINH","10"
"KINO","05"
"KINOE","05"
"KINU","05"
"KINUE","05"
"KINUKO","05"
"KINUYE","05"
"KINUYO","05"
"KIOK","08"
"KIRI","05"
"KIRIE","05"
"KIRPAL","15"
"KISA","05"
"KISAKO","05"
"KISAYO","05"
"KISE","05"
"KISEKO","05"
"KISHAN","15"
"KISHI","05"
"KISHIE","05"
"KISHIKO","05"
"KISHINO","05"
"KISHORI","15"
"KISO","05"
"KISOOK","08"
"KISOON","08"
"KISUK","08"
"KISUN","08"
"KIT","04"
"KITAKO","05"
"KITCHING","04"
"KITCHUN","04"
"KITFONG","04"
"KITO","05"
"KITPING","04"
"KITYEE","04"
"KITYING","04"
"KIU","04"
"KIWA","05"
"KIWAKO","05"
"KIYO","05"
"KIYOE","05"
"KIYOKA","05"
"KIYOKO","05"
"KIYOME","05"
"KIYOMI","05"
"KIYONO","05"
"KIYOSHI","05"
"KO","04"
"KOCHUTHRESIA","15"
"KOHARU","05"
"KOHKO","05"
"KOI","04"
"KOITO","05"
"KOK","04"
"KOKILA","15"
"KOKO","05"
"KOMA","05"
"KOME","05"
"KONO","05"
"KOOK","08"
"KOOM","08"
"KOON","04"
"KOSHALYA","15"
"KOSUE","05"
"KOTO","05"
"KOTOE","05"
"KOTOKO","05"
"KOTOMI","05"
"KOUKO","05"
"KOUSALYA","15"
"KOW","04"
"KOYO","05"
"KOYOKO","05"
"KOYUKI","05"
"KOZUE","05"
"KRISHAN","15"
"KRISHANA","15"
"KRISHNA","15"
"KRISHNABAI","15"
"KRISHNABEN","15"
"KRISHNAVENI","15"
"KUA","04"
"KUAI","04"
"KUAN","04"
"KUANG","04"
"KUE","04"
"KUEI","04"
"KUEICHEN","04"
"KUEIFANG","04"
"KUEIHSIANG","04"
"KUEIHUA","04"
"KUEILAN","04"
"KUEIMEI","04"
"KUEIYIN","04"
"KUEIYING","04"
"KUEL","04"
"KUEM","08"
"KUEN","04"
"KULDEEP","15"
"KULDIP","15"
"KULJIT","15"
"KULSOOM","15"
"KULSUM","15"
"KULSUMBAI","15"
"KULWANT","15"
"KUM","08"
"KUMA","05"
"KUMCHA","08"
"KUME","05"
"KUMI","05"
"KUMIKO","05"
"KUMJA","08"
"KUMOK","08"
"KUMSOON","08"
"KUMSUN","08"
"KUMUD","15"
"KUMUDBEN","15"
"KUMUDGAURI","15"
"KUMUDINI","15"
"KUMYE","08"
"KUNDAN","15"
"KUNDANBEN","15"
"KUNG","04"
"KUNIKO","05"
"KUNIYO","05"
"KUNJAMMA","15"
"KUNJBALA","15"
"KUNJLATA","15"
"KUNJOONJAMMA","15"
"KUNO","05"
"KUNTI","15"
"KUNVARBEN","15"
"KUNVERBEN","15"
"KUO","04"
"KUOCHEN","04"
"KUOYING","04"
"KURA","05"
"KURAKO","05"
"KUSUM","15"
"KUSUMA","15"
"KUSUMBEN","15"
"KUT","04"
"KUTTYAMMA","15"
"KWAE","08"
"KWAI","04"
"KWAICHING","04"
"KWAICHUN","04"
"KWAIYING","04"
"KWAK","08"
"KWAN","04"
"KWANG","08"
"KWANGJA","08"
"KWANGSOOK","08"
"KWANYING","04"
"KWEI","04"
"KWEIYING","04"
"KWEN","04"
"KWI","08"
"KWINAM","08"
"KWIRYE","08"
"KWISOON","08"
"KWIYE","08"
"KWO","04"
"KWOCK","04"
"KWOK","04"
"KWON","04"
"KWONG","04"
"KWOON","04"
"KWUN","04"
"KY","10"
"KYANG","08"
"KYE","08"
"KYEONG","08"
"KYESOON","08"
"KYO","08"
"KYOKO","05"
"KYONG","08"
"KYONGAE","08"
"KYONGCHA","08"
"KYONGJA","08"
"KYOO","08"
"KYOUNG","08"
"KYU","08"
"KYUM","08"
"KYUN","08"
"KYUNG","08"
"KYUNGAE","08"
"KYUNGHEE","08"
"KYUNGHWA","08"
"KYUNGJA","08"
"KYUNGOK","08"
"KYUNGSOOK","08"
"KYUNGSOON","08"
"KYUNGSUN","08"
"KYUNGWON","08"
"LABHKUNVAR","15"
"LABHUBEN","15"
"LAC","10"
"LACHHMI","15"
"LADUBEN","15"
"LAGRIMAS","06"
"LAI","04"
"LAICHING","04"
"LAICHUN","04"
"LAIFONG","04"
"LAIFUN","04"
"LAIHA","04"
"LAIHAO","04"
"LAIHING","04"
"LAIKING","04"
"LAIKUEN","04"
"LAIKWAN","04"
"LAIMAN","04"
"LAIPING","04"
"LAISHEUNG","04"
"LAISIM","04"
"LAIWAH","04"
"LAIWAN","04"
"LAIYIN","04"
"LAIYING","04"
"LAIYU","04"
"LAIYUNG","04"
"LAJJA","15"
"LAJWANTI","15"
"LAKAMBINI","06"
"LAKHIBEN","15"
"LAKSHMAMMA","15"
"LAKSHMI","15"
"LALABEN","15"
"LALIBEN","15"
"LALITABEN","15"
"LALITHA","15"
"LALITHAMMA","15"
"LAM","04"
"LANANH","10"
"LANCHIAO","04"
"LANCHUN","04"
"LANFANG","04"
"LANFEN","04"
"LANFENG","04"
"LANFONG","04"
"LANG","10"
"LANH","10"
"LANHSIANG","04"
"LANHUA","04"
"LANHUONG","10"
"LANMEI","04"
"LANXIANG","04"
"LANYIN","04"
"LANYING","04"
"LANYU","04"
"LANZHEN","04"
"LAP","10"
"LAPAZ","06"
"LAPURISIMA","06"
"LATABEN","15"
"LATIKA","15"
"LAU","04"
"LAW","04"
"LAXMI","15"
"LAXMIBAI","15"
"LAXMIBEN","15"
"LAXMIDEVI","15"
"LE","10"
"LECHI","10"
"LEDESMA","06"
"LEDOVINA","06"
"LEECHIN","04"
"LEECHING","04"
"LEEHWA","04"
"LEELABEN","15"
"LEELAMMA","15"
"LEELAVATHI","15"
"LEELAVATHY","15"
"LEELAVATI","15"
"LEELAWATI","15"
"LEEYING","04"
"LEHANG","10"
"LEHOA","10"
"LEI","04"
"LEIN","10"
"LEM","04"
"LEODIGARIA","06"
"LEOGARDA","06"
"LEONG","04"
"LEONICA","06"
"LEONIZA","06"
"LEOVINA","06"
"LETHI","10"
"LETHUY","10"
"LEUNG","04"
"LEW","04"
"LI","04"
"LIAI","04"
"LIAN","04"
"LIANDI","04"
"LIANG","04"
"LIANGYU","04"
"LIANHUA","04"
"LIANXIANG","04"
"LIANYING","04"
"LIANZHEN","04"
"LIAO","04"
"LIAU","04"
"LICERIA","06"
"LICH","10"
"LICHAN","04"
"LICHANG","04"
"LICHEN","04"
"LICHENG","04"
"LICHIN","04"
"LICHING","04"
"LICHU","04"
"LICHUAN","04"
"LICHUN","04"
"LIEH","04"
"LIEM","10"
"LIEN","10"
"LIENCHEN","04"
"LIENFANG","04"
"LIENG","10"
"LIENHSIANG","04"
"LIET","10"
"LIEU","10"
"LIFANG","04"
"LIFEN","04"
"LIFONG","04"
"LIGAYA","06"
"LIH","04"
"LIHSIA","04"
"LIHSIANG","04"
"LIHUA","04"
"LIHUI","04"
"LIHWA","04"
"LIJUAN","04"
"LIJUN","04"
"LIJUNG","04"
"LILABEN","15"
"LILAVANTI","15"
"LILAVATI","15"
"LILAVATIBEN","15"
"LILAWATI","15"
"LILIBEN","15"
"LILIN","04"
"LILING","04"
"LIM","04"
"LIMEI","04"
"LIMIN","04"
"LIMING","04"
"LIN","04"
"LINCHING","04"
"LINCHU","04"
"LINCHUN","04"
"LINFONG","04"
"LING","04"
"LINGCHU","04"
"LINGDI","04"
"LINGLING","04"
"LINGMEI","04"
"LINGYI","04"
"LINGYING","04"
"LINGYUN","04"
"LINH","10"
"LINHO","04"
"LINMEI","04"
"LINYEH","04"
"LINYIN","04"
"LINYING","04"
"LIONG","04"
"LIOU","04"
"LIPING","04"
"LIQING","04"
"LIQUN","04"
"LIRIO","06"
"LIRONG","04"
"LISHENG","04"
"LITZU","04"
"LIU","04"
"LIUDI","04"
"LIUMEI","04"
"LIUYING","04"
"LIWANAG","06"
"LIWAYWAY","06"
"LIWEN","04"
"LIWLIWA","06"
"LIXIA","04"
"LIXIAN","04"
"LIXIANG","04"
"LIYING","04"
"LIYU","04"
"LIYUAN","04"
"LIYUEH","04"
"LIYUN","04"
"LIZHEN","04"
"LIZHU","04"
"LOAN","10"
"LOC","10"
"LOCK","04"
"LOH","04"
"LOI","10"
"LOK","04"
"LOO","04"
"LOOK","04"
"LOON","04"
"LOONG","04"
"LUALHATI","06"
"LUANYING","04"
"LUAT","10"
"LUC","10"
"LUCERIA","06"
"LUDIVICA","06"
"LUEN","04"
"LUHUA","04"
"LUI","04"
"LUK","04"
"LUM","04"
"LUMEI","04"
"LUMEN","06"
"LUN","04"
"LUNG","04"
"LUNINGNING","06"
"LUO","04"
"LUOC","10"
"LUOI","10"
"LUOM","10"
"LUONG","10"
"LUOT","10"
"LUPING","04"
"LUU","10"
"LUVIMINDA","06"
"LUVISMINDA","06"
"LUVIZMINDA","06"
"LUYEN","10"
"LUZBELLA","06"
"LUZMINDA","06"
"LUZONIA","06"
"LUZONICA","06"
"LUZUIMINDA","06"
"LUZVILLA","06"
"LUZVIMINDA","06"
"LUZVISMINDA","06"
"LY","10"
"MABINI","06"
"MACHI","05"
"MACHIE","05"
"MACHIKO","05"
"MACORAZON","06"
"MACRISTINA","06"
"MADANBEN","15"
"MADHABI","15"
"MADHAVI","15"
"MADHU","15"
"MADHUBALA","15"
"MADHUBEN","15"
"MADHUKANTA","15"
"MADHUKANTABE","15"
"MADHUMATI","15"
"MADHURI","15"
"MADHURIKA","15"
"MAENG","08"
"MAFE","06"
"MAGELENDE","06"
"MAH","04"
"MAHALAKSHMI","15"
"MAHALAXMI","15"
"MAHALAXMIBEN","15"
"MAHBOOB","15"
"MAHINDER","15"
"MAHJABEEN","15"
"MAHMOODA","15"
"MAIHUONG","10"
"MAIMOONA","15"
"MAIMUNA","15"
"MAKA","05"
"MAKATO","05"
"MAKI","05"
"MAKIKO","05"
"MAKINO","05"
"MAKIYO","05"
"MAKOTO","05"
"MAL","08"
"MALATHI","15"
"MALATHY","15"
"MALATI","15"
"MALAYA","06"
"MALEKA","15"
"MALEKSULTAN","15"
"MALEKSULTANA","15"
"MALIBEN","15"
"MALIGAYA","06"
"MALIK","15"
"MALINI","15"
"MALKIAT","15"
"MALKIT","15"
"MALOURDES","06"
"MALSOON","08"
"MALTI","15"
"MALTIBEN","15"
"MALVIKA","15"
"MAMATA","15"
"MAMIKO","05"
"MAN","04"
"MANCHHABEN","15"
"MANCHING","04"
"MANDAKINI","15"
"MANEK","15"
"MANEKBEN","15"
"MANFONG","04"
"MANGALA","15"
"MANGALABEN","15"
"MANGALAM","15"
"MANGIBEN","15"
"MANGLA","15"
"MANGLABEN","15"
"MANGUBEN","15"
"MANH","10"
"MANHARBEN","15"
"MANHUA","04"
"MANIBEN","15"
"MANIKYAMMA","15"
"MANJARI","15"
"MANJIT","15"
"MANJU","15"
"MANJUBEN","15"
"MANJULA","15"
"MANJULABEN","15"
"MANLI","04"
"MANLING","04"
"MANMEI","04"
"MANMOHAN","15"
"MANORAMA","15"
"MANORAMABEN","15"
"MANORMA","15"
"MANSOON","08"
"MANUBEN","15"
"MANWAN","04"
"MANYING","04"
"MANYUN","04"
"MARCELIANA","06"
"MARCOSA","06"
"MARDONIA","06"
"MARIAAIDA","06"
"MARIAASUNCIO","06"
"MARIABELEN","06"
"MARIACARIDAD","06"
"MARIACLARA","06"
"MARIACONCHIT","06"
"MARIACONSOLA","06"
"MARIACORAZON","06"
"MARIAFE","06"
"MARIAFLOR","06"
"MARIAKUTTY","15"
"MARIALINDA","06"
"MARIALOURDES","06"
"MARIAMBAI","15"
"MARIAMBIBI","15"
"MARIAMILAGRO","06"
"MARIAMMA","15"
"MARIANIEVES","06"
"MARIAREMEDIO","06"
"MARIASALOME","06"
"MARIASALUD","06"
"MARIKO","05"
"MARIYAKUTTY","15"
"MARIYAMMA","15"
"MARUKO","05"
"MARYKUTTY","15"
"MASA","05"
"MASAE","05"
"MASAI","05"
"MASAKO","05"
"MASAMI","05"
"MASANO","05"
"MASAO","05"
"MASARRAT","15"
"MASAYE","05"
"MASAYO","05"
"MASOOD","15"
"MASOOMA","15"
"MASU","05"
"MASUE","05"
"MASUKO","05"
"MASUMI","05"
"MASUNO","05"
"MASUYO","05"
"MATERNIDAD","06"
"MATSU","05"
"MATSUE","05"
"MATSUI","05"
"MATSUKO","05"
"MATSUMI","05"
"MATSUNO","05"
"MATSUO","05"
"MATSUYE","05"
"MATSUYO","05"
"MAU","10"
"MAUSHI","05"
"MAW","04"
"MAYAKO","05"
"MAYLING","04"
"MAYUMI","05"
"MAZENAIDA","06"
"MEDALLA","06"
"MEDENCIA","06"
"MEDIN","06"
"MEE","04"
"MEEI","04"
"MEEKING","04"
"MEELIN","04"
"MEENAKSHAMMA","15"
"MEENAKSHI","15"
"MEENAKSHY","15"
"MEENAXI","15"
"MEERA","15"
"MEGUMI","05"
"MEHAR","15"
"MEHBOOB","15"
"MEHBOOBA","15"
"MEHER","15"
"MEHERA","15"
"MEHERUNISSA","15"
"MEHERUNNISA","15"
"MEHMOODA","15"
"MEHROO","15"
"MEHRU","15"
"MEHRUN","15"
"MEHRUNNISA","15"
"MEHTA","15"
"MEI","04"
"MEIAI","04"
"MEICHANG","04"
"MEICHEN","04"
"MEICHIAO","04"
"MEICHIH","04"
"MEICHIN","04"
"MEICHING","04"
"MEICHU","04"
"MEICHUN","04"
"MEIDE","04"
"MEIDI","04"
"MEIE","04"
"MEIFANG","04"
"MEIFEN","04"
"MEIFENG","04"
"MEIFONG","04"
"MEIHE","04"
"MEIHSIANG","04"
"MEIHSIEN","04"
"MEIHSIU","04"
"MEIHUA","04"
"MEIHUEI","04"
"MEIHUI","04"
"MEIHWA","04"
"MEIJEN","04"
"MEIJU","04"
"MEIJUAN","04"
"MEIJUN","04"
"MEIJUNG","04"
"MEIKAM","04"
"MEIKIU","04"
"MEIKO","05"
"MEIKUEN","04"
"MEILAN","04"
"MEILI","04"
"MEILIAN","04"
"MEILIEN","04"
"MEILIN","04"
"MEILING","04"
"MEIMEI","04"
"MEIN","04"
"MEINU","04"
"MEIPING","04"
"MEIQING","04"
"MEIRONG","04"
"MEISHU","04"
"MEITZU","04"
"MEIWEI","04"
"MEIWEN","04"
"MEIXIA","04"
"MEIXIAN","04"
"MEIXIANG","04"
"MEIXIAO","04"
"MEIXING","04"
"MEIYAN","04"
"MEIYEE","04"
"MEIYI","04"
"MEIYIN","04"
"MEIYING","04"
"MEIYU","04"
"MEIYUAN","04"
"MEIYUEH","04"
"MEIYUK","04"
"MEIYUN","04"
"MEIYUNG","04"
"MEIZHEN","04"
"MEIZHU","04"
"MELENCIA","06"
"MELENDRINA","06"
"MEMOONA","15"
"MEMUNA","15"
"MEN","10"
"MENABEN","15"
"MENG","04"
"MENGLAN","04"
"MEO","10"
"MERAJ","15"
"MERCURIA","06"
"MEU","04"
"MEW","04"
"MI","08"
"MIAO","04"
"MIAOYING","04"
"MICHI","05"
"MICHIE","05"
"MICHIKO","05"
"MICHIYE","05"
"MICHIYO","05"
"MIDORI","05"
"MIDORIKO","05"
"MIE","05"
"MIEKO","05"
"MIEN","10"
"MIENG","10"
"MIEU","10"
"MIHARU","05"
"MIHO","05"
"MIHOKO","05"
"MII","05"
"MIIKO","05"
"MIKA","05"
"MIKAKO","05"
"MIKI","05"
"MIKIE","05"
"MIKIKO","05"
"MIKIYO","05"
"MILAGRINA","06"
"MILAGROSA","06"
"MINAKO","05"
"MINAKSHI","15"
"MINATI","15"
"MINAXI","15"
"MINAXIBEN","15"
"MINE","05"
"MINEKO","05"
"MINEYO","05"
"MING","04"
"MINGCHEN","04"
"MINGCHU","04"
"MINGCHUN","04"
"MINGFANG","04"
"MINGFENG","04"
"MINGHSIA","04"
"MINGHUA","04"
"MINGHUI","04"
"MINGLI","04"
"MINGMEI","04"
"MINGMING","04"
"MINGXIA","04"
"MINGYING","04"
"MINGYU","04"
"MINGYUAN","04"
"MINGYUEH","04"
"MINGZHEN","04"
"MINGZHI","04"
"MINGZHU","04"
"MINH","10"
"MINHCHAU","10"
"MINHNGUYET","10"
"MINHTAM","10"
"MINHUA","04"
"MINHUI","04"
"MINJA","08"
"MINORI","05"
"MINORU","05"
"MINVILUZ","06"
"MINYING","04"
"MINYU","04"
"MIOKO","05"
"MIRASOL","06"
"MISA","05"
"MISAE","05"
"MISAHO","05"
"MISAKO","05"
"MISANO","05"
"MISAO","05"
"MISATO","05"
"MISAYO","05"
"MISU","05"
"MISUE","05"
"MISUKO","05"
"MISUNO","05"
"MISUZU","05"
"MIT","10"
"MITHIBEN","15"
"MITHILESH","15"
"MITHLESH","15"
"MITO","05"
"MITOKO","05"
"MITOSHI","05"
"MITSU","05"
"MITSUE","05"
"MITSUI","05"
"MITSUKO","05"
"MITSUNO","05"
"MITSUO","05"
"MITSURU","05"
"MITSUYE","05"
"MITSUYO","05"
"MIU","04"
"MIULING","04"
"MIWA","05"
"MIWAKO","05"
"MIYA","05"
"MIYAKO","05"
"MIYANO","05"
"MIYE","05"
"MIYEKO","05"
"MIYO","05"
"MIYOKA","05"
"MIYOKO","05"
"MIYONO","05"
"MIYOSHI","05"
"MIYOUNG","08"
"MIYUKI","05"
"MIZUE","05"
"MIZUHO","05"
"MIZUKO","05"
"MO","04"
"MOC","10"
"MOCHING","04"
"MOHAMMADI","15"
"MOHAN","15"
"MOHANA","15"
"MOHINDAR","15"
"MOHINDER","15"
"MOK","04"
"MOLIN","04"
"MOMIN","15"
"MOMOE","05"
"MOMOKO","05"
"MOMOYO","05"
"MONGLAN","10"
"MONINA","06"
"MOON","08"
"MOONJA","08"
"MORIKO","05"
"MOT","10"
"MOTI","15"
"MOTIBEN","15"
"MOTO","05"
"MOTOE","05"
"MOTOKO","05"
"MOTOME","05"
"MOTOYO","05"
"MOU","04"
"MOW","04"
"MOY","04"
"MOYING","04"
"MOYO","05"
"MRIDULA","15"
"MRUDULA","15"
"MRUDULABEN","15"
"MU","04"
"MUA","10"
"MUBARAK","15"
"MUC","10"
"MUDI","10"
"MUDRIKA","15"
"MUI","10"
"MUIFONG","04"
"MUJIE","04"
"MUK","04"
"MUKHTIAR","15"
"MUKTA","15"
"MUKTABEN","15"
"MUKTAGAURI","15"
"MUKTI","15"
"MULAN","04"
"MUME","05"
"MUMEKO","05"
"MUMENO","05"
"MUN","08"
"MUNEER","15"
"MUNEKO","05"
"MUNG","10"
"MUNJA","08"
"MUNNI","15"
"MUOI","10"
"MUON","10"
"MUONG","10"
"MURAKO","05"
"MUSHTARI","15"
"MUTAN","04"
"MUTHULAKSHMI","15"
"MUTSU","05"
"MUTSUE","05"
"MUTSUKO","05"
"MUTSUMI","05"
"MUTYA","06"
"MUU","10"
"MUZHEN","04"
"MY","10"
"MYANG","08"
"MYDUNG","10"
"MYEONG","08"
"MYLINH","10"
"MYO","08"
"MYONG","08"
"MYONGSOOK","08"
"MYOUNG","08"
"MYSORE","15"
"MYTHILI","15"
"MYUN","08"
"MYUNG","08"
"MYUNGHEE","08"
"MYUNGJA","08"
"MYUNGOK","08"
"MYUNGSOOK","08"
"MYUNGSOON","08"
"NA","10"
"NABE","05"
"NACHHATAR","15"
"NACHHATTAR","15"
"NAEKO","05"
"NAFEES","15"
"NAFIS","15"
"NAFISA","15"
"NAGAKO","05"
"NAGALAKSHMI","15"
"NAGAMANI","15"
"NAGAMMA","15"
"NAGARATHNA","15"
"NAGARATHNAMM","15"
"NAGARATNAMMA","15"
"NAGINDER","15"
"NAHEED","15"
"NAJMUNNISA","15"
"NAJOO","15"
"NAK","08"
"NAKA","05"
"NAKAKO","05"
"NALINI","15"
"NALINIBEN","15"
"NAM","08"
"NAMI","05"
"NAMIE","05"
"NAMIKO","05"
"NAMITA","15"
"NAMOK","08"
"NAMSOON","08"
"NAMSUN","08"
"NANAE","05"
"NANAKO","05"
"NANAMI","05"
"NAND","15"
"NANDINI","15"
"NANDITA","15"
"NANDUBEN","15"
"NANIBEN","15"
"NANJAMMA","15"
"NANYING","04"
"NAO","05"
"NAOE","05"
"NAOKO","05"
"NAOYO","05"
"NARANJAN","15"
"NARASAMMA","15"
"NARAYANAMMA","15"
"NARAYANI","15"
"NARBADA","15"
"NARBADABEN","15"
"NARINDER","15"
"NARMADA","15"
"NARMADABEN","15"
"NARU","05"
"NARUMI","05"
"NASIB","15"
"NATHIBEN","15"
"NATSU","05"
"NATSUE","05"
"NATSUKO","05"
"NATSUMI","05"
"NATSUYO","05"
"NAU","10"
"NAUSHABA","15"
"NAVALBEN","15"
"NAYANA","15"
"NAZIRAN","15"
"NAZMA","15"
"NAZNEEN","15"
"NE","10"
"NECITAS","06"
"NEELAM","15"
"NEELIMA","15"
"NEERA","15"
"NEI","04"
"NEN","10"
"NENITA","06"
"NENY","06"
"NEPOMUCENA","06"
"NERGESH","15"
"NEUNG","08"
"NG","04"
"NGA","10"
"NGAI","10"
"NGAM","10"
"NGAN","04"
"NGANH","10"
"NGANOI","04"
"NGANYING","04"
"NGAR","04"
"NGAT","10"
"NGAU","10"
"NGEE","04"
"NGEK","04"
"NGEN","04"
"NGHE","10"
"NGHI","10"
"NGHIA","10"
"NGHIEM","10"
"NGHIEN","10"
"NGHIEP","10"
"NGHINH","10"
"NGIN","04"
"NGIT","04"
"NGO","10"
"NGOAN","10"
"NGOAT","10"
"NGOC","10"
"NGOCANH","10"
"NGOCBICH","10"
"NGOCCHAU","10"
"NGOCDIEP","10"
"NGOCDUNG","10"
"NGOCHANH","10"
"NGOCLAN","10"
"NGOCLANG","10"
"NGOCLIEN","10"
"NGOCMAI","10"
"NGOCNGA","10"
"NGOCOANH","10"
"NGOCSUONG","10"
"NGOCTHANH","10"
"NGOCYEN","10"
"NGOE","10"
"NGOI","10"
"NGOK","04"
"NGON","04"
"NGOOK","04"
"NGOON","04"
"NGOOT","04"
"NGOR","04"
"NGOT","10"
"NGU","10"
"NGUEY","04"
"NGUI","04"
"NGUK","04"
"NGUN","04"
"NGUOI","10"
"NGUT","04"
"NGUU","10"
"NGUY","10"
"NGUYEN","10"
"NGUYET","10"
"NGUYETANH","10"
"NGUYETHONG","10"
"NHA","10"
"NHAC","10"
"NHAI","10"
"NHAM","10"
"NHAN","10"
"NHANG","10"
"NHANH","10"
"NHAT","10"
"NHE","10"
"NHI","10"
"NHIEM","10"
"NHIEN","10"
"NHIEU","10"
"NHIN","10"
"NHO","10"
"NHOC","10"
"NHON","10"
"NHU","10"
"NHUAN","10"
"NHUC","10"
"NHUHOA","10"
"NHUMAI","10"
"NHUN","10"
"NHUNG","10"
"NHUONG","10"
"NHUT","10"
"NHUY","10"
"NICERATA","06"
"NICETAS","06"
"NIEM","10"
"NIENG","10"
"NIGHAT","15"
"NILABEN","15"
"NILAM","15"
"NILIMA","15"
"NIMFA","06"
"NING","04"
"NINH","10"
"NIRANJAN","15"
"NIRANJANA","15"
"NIRANJANABEN","15"
"NIRMAL","15"
"NIRMALA","15"
"NIRMALABEN","15"
"NIRMLA","15"
"NIRU","15"
"NIRUBEN","15"
"NIRUPAMA","15"
"NISAR","15"
"NISHAT","15"
"NIU","04"
"NIVEDITA","15"
"NO","10"
"NOBLEZA","06"
"NOBU","05"
"NOBUE","05"
"NOBUKO","05"
"NOBUYO","05"
"NOH","08"
"NOK","08"
"NOLI","06"
"NOLITA","06"
"NONATA","06"
"NOORBANOO","15"
"NOORBANU","15"
"NOORBIBI","15"
"NOORJEHAN","15"
"NOORUNNISA","15"
"NORIKO","05"
"NORMELITA","06"
"NU","10"
"NUA","10"
"NUEN","04"
"NUEY","04"
"NUI","04"
"NUIKO","05"
"NUMERIANA","06"
"NUN","04"
"NUNELON","06"
"NUNILON","06"
"NUOI","10"
"NUONG","10"
"NURBANU","15"
"NYON","08"
"NYONG","08"
"NYUN","08"
"OAK","08"
"OANH","10"
"OCK","08"
"OE","08"
"OG","08"
"OH","08"
"OHK","08"
"OI","04"
"OICHU","04"
"OICHUN","04"
"OILIN","04"
"OIWAH","04"
"OK","08"
"OKBOON","08"
"OKCHA","08"
"OKE","08"
"OKHEE","08"
"OKHI","08"
"OKHUI","08"
"OKHWA","08"
"OKIM","08"
"OKIN","08"
"OKJA","08"
"OKJOO","08"
"OKKI","08"
"OKKYUNG","08"
"OKNAM","08"
"OKNYO","08"
"OKRAN","08"
"OKRYUN","08"
"OKSON","08"
"OKSOO","08"
"OKSOON","08"
"OKSUK","08"
"OKSUN","08"
"OKYE","08"
"OKYON","08"
"ONG","04"
"ONYON","08"
"OP","08"
"OTO","05"
"OTOME","05"
"OU","04"
"OUK","08"
"OW","04"
"OWARI","05"
"OY","04"
"OYE","04"
"PACENCIA","06"
"PACIENCIA","06"
"PACITA","06"
"PADMA","15"
"PADMABEN","15"
"PADMAJA","15"
"PADMAVATHI","15"
"PADMAVATHY","15"
"PADMAVATI","15"
"PADMINI","15"
"PAEK","08"
"PAGASA","06"
"PAI","04"
"PAIHO","04"
"PAK","04"
"PALIBEN","15"
"PALLAVI","15"
"PANIBEN","15"
"PANKAJA","15"
"PANKAJAM","15"
"PAO","04"
"PAOCHEN","04"
"PAOCHIN","04"
"PAOCHING","04"
"PAOCHU","04"
"PAOKUEI","04"
"PAOLAN","04"
"PAOLIEN","04"
"PAOMEI","04"
"PAOTSAI","04"
"PAOYING","04"
"PAOYU","04"
"PAOYUEH","04"
"PARALUMAN","06"
"PARAMJIT","15"
"PARBATI","15"
"PARIMALA","15"
"PARKASH","15"
"PARKASHO","15"
"PARMINDER","15"
"PARSIN","15"
"PARSINI","15"
"PARUKUTTY","15"
"PARUL","15"
"PARVATHAMMA","15"
"PARVATHI","15"
"PARVATHY","15"
"PARVATI","15"
"PARVATIBEN","15"
"PARWEEN","15"
"PASENCIA","06"
"PASHIBEN","15"
"PASIBEN","15"
"PATEL","15"
"PATERNA","06"
"PATROCENIA","06"
"PATROCENIO","06"
"PATROCINO","06"
"PATTAMMAL","15"
"PAYAPA","06"
"PEE","04"
"PEI","04"
"PEICHANG","04"
"PEICHEN","04"
"PEICHENG","04"
"PEIFANG","04"
"PEIFEN","04"
"PEIHENG","04"
"PEIHUA","04"
"PEIJUAN","04"
"PEIJUN","04"
"PEILAN","04"
"PEILI","04"
"PEILIAN","04"
"PEILIN","04"
"PEILING","04"
"PEIMING","04"
"PEIPEI","04"
"PEIQING","04"
"PEIQIONG","04"
"PEIQUN","04"
"PEIRONG","04"
"PEIWEI","04"
"PEIWEN","04"
"PEIXIAN","04"
"PEIYAO","04"
"PEIYING","04"
"PEIYU","04"
"PEIYUN","04"
"PEIZHEN","04"
"PEK","04"
"PENAFRANCIA","06"
"PENG","04"
"PENNAMMA","15"
"PERFECTUA","06"
"PERIN","15"
"PERLITA","06"
"PERSEVERANDA","06"
"PEY","04"
"PHAI","10"
"PHAM","10"
"PHAN","10"
"PHAT","10"
"PHE","10"
"PHEN","10"
"PHEP","10"
"PHI","10"
"PHIEN","10"
"PHINH","10"
"PHIROZA","15"
"PHO","10"
"PHOI","10"
"PHONG","10"
"PHOOL","15"
"PHOUNG","10"
"PHU","10"
"PHUC","10"
"PHULAN","15"
"PHUN","10"
"PHUNG","10"
"PHUOC","10"
"PHUONG","10"
"PHUONGMAI","10"
"PI","04"
"PIADOSA","06"
"PIAN","04"
"PICHIN","04"
"PICHU","04"
"PICK","04"
"PIEN","04"
"PIH","04"
"PIHSIA","04"
"PIHUA","04"
"PIJU","04"
"PIK","04"
"PIKWAN","04"
"PIL","08"
"PILAN","04"
"PILARICA","06"
"PILARITA","06"
"PILIEN","04"
"PILL","08"
"PILNAM","08"
"PILOO","15"
"PILSOON","08"
"PIMEI","04"
"PIN","04"
"PING","04"
"PINGPING","04"
"PINGYING","04"
"PIU","04"
"PIWU","04"
"PIYING","04"
"PIYU","04"
"PIYUN","04"
"PLACER","06"
"PO","04"
"POA","04"
"POCHU","04"
"POCHUN","04"
"POI","04"
"POK","08"
"POKSUN","08"
"POKYE","08"
"POLICRONIA","06"
"POLING","04"
"PON","04"
"PONG","08"
"PONNAMMA","15"
"PONNAMMAL","15"
"POO","04"
"POON","04"
"POONG","08"
"PORFERIA","06"
"POTENCIANA","06"
"POU","04"
"POW","04"
"POY","04"
"POYUK","04"
"PRABHA","15"
"PRABHABEN","15"
"PRABHAVATHI","15"
"PRABHAVATI","15"
"PRABHAVATIBE","15"
"PRABHAWATI","15"
"PRAFULBALA","15"
"PRAFULLA","15"
"PRAGNA","15"
"PRAKASH","15"
"PRAMEELA","15"
"PRAMILA","15"
"PRAMILABEN","15"
"PRAMILLA","15"
"PRAMODINI","15"
"PRATIBHA","15"
"PRATIMA","15"
"PRATIVA","15"
"PRAVINA","15"
"PRAVINABEN","15"
"PRAXIDES","06"
"PRECILA","06"
"PRECIOSISIMA","06"
"PREETI","15"
"PREM","15"
"PREMALATHA","15"
"PREMI","15"
"PREMIBEN","15"
"PREMILA","15"
"PREMILABEN","15"
"PREMLATA","15"
"PREMVATI","15"
"PRESCA","06"
"PRESCILA","06"
"PRESENTATION","06"
"PRISCILLANA","06"
"PRITAM","15"
"PRITI","15"
"PRITO","15"
"PRITPAL","15"
"PRIYAMBADA","15"
"PRIYAMVADA","15"
"PROCESA","06"
"PROFETIZA","06"
"PROMILLA","15"
"PROSERFINA","06"
"PROSPERIDAD","06"
"PROTIMA","15"
"PU","08"
"PUDENCIANA","06"
"PUE","04"
"PUI","04"
"PUICHING","04"
"PUICHUN","04"
"PUIFONG","04"
"PUIFUN","04"
"PUIHA","04"
"PUIKING","04"
"PUIKWAN","04"
"PUILAN","04"
"PUIYING","04"
"PUIYUE","04"
"PUL","04"
"PULQUERIA","06"
"PUN","08"
"PUNG","08"
"PUNJIBEN","15"
"PURABI","15"
"PURAN","15"
"PURIBEN","15"
"PURIFICASION","06"
"PURIFICATION","06"
"PUSHAP","15"
"PUSHP","15"
"PUSHPA","15"
"PUSHPABEN","15"
"PUSHPALATA","15"
"PUSHPAVATHI","15"
"PUSHPAVATI","15"
"PUSHPLATA","15"
"PUSPA","15"
"PUSPABEN","15"
"PYONG","08"
"PYUNG","08"
"QAISER","15"
"QAMAR","15"
"QAMARUNNISA","15"
"QAMER","15"
"QI","04"
"QIAN","04"
"QIANG","04"
"QIAO","04"
"QIAOYING","04"
"QIAOYUN","04"
"QIFANG","04"
"QIHUA","04"
"QIHUI","04"
"QIMEI","04"
"QIN","04"
"QING","04"
"QINGFANG","04"
"QINGHUA","04"
"QINGLAN","04"
"QINGYING","04"
"QINGYUN","04"
"QIONG","04"
"QIONGFANG","04"
"QIONGYING","04"
"QIONGZHEN","04"
"QIU","04"
"QIUYING","04"
"QIUYUE","04"
"QIUYUN","04"
"QIXIA","04"
"QIXIAN","04"
"QIYING","04"
"QIYUN","04"
"QIZHEN","04"
"QU","04"
"QUA","10"
"QUACH","10"
"QUAI","04"
"QUAN","04"
"QUANG","10"
"QUAT","10"
"QUDSIA","15"
"QUE","10"
"QUEI","04"
"QUEN","04"
"QUI","10"
"QUING","04"
"QUIT","10"
"QUN","04"
"QUNDI","04"
"QUNYING","04"
"QUOI","10"
"QUON","04"
"QUONG","04"
"QURESHA","15"
"QUY","10"
"QUYEN","10"
"QUYET","10"
"QUYNH","10"
"QUYT","10"
"RABIABAI","15"
"RACHELAMMA","15"
"RACHHPAL","15"
"RADHA","15"
"RADHABAI","15"
"RADHABEN","15"
"RADHIKA","15"
"RAFIQ","15"
"RAGHBIR","15"
"RAHELAMMA","15"
"RAHIM","15"
"RAIBABEN","15"
"RAIBEN","15"
"RAJ","15"
"RAJALAKSHMI","15"
"RAJALAKSHMY","15"
"RAJAM","15"
"RAJAMANI","15"
"RAJAMMA","15"
"RAJAMMAL","15"
"RAJANI","15"
"RAJDULARI","15"
"RAJESHWARI","15"
"RAJESWARI","15"
"RAJINDER","15"
"RAJKUMARI","15"
"RAJNI","15"
"RAJRANI","15"
"RAJWANT","15"
"RAJYALAKSHMI","15"
"RAK","08"
"RAKSHA","15"
"RAKU","05"
"RAM","15"
"RAMABAI","15"
"RAMABEN","15"
"RAMADEVI","15"
"RAMAGAURI","15"
"RAMALAKSHMI","15"
"RAMALAXMI","15"
"RAMAMANI","15"
"RAMANAMMA","15"
"RAMANBEN","15"
"RAMASWAMY","15"
"RAMBHA","15"
"RAMBHABEN","15"
"RAMESH","15"
"RAMESHWARI","15"
"RAMIBEN","15"
"RAMILA","15"
"RAMILABEN","15"
"RAMINDER","15"
"RAMPYARI","15"
"RAN","08"
"RANG","10"
"RANGAMMA","15"
"RANGANAYAKAM","15"
"RANGANAYAKI","15"
"RANH","10"
"RANJAN","15"
"RANJANA","15"
"RANJANBALA","15"
"RANJANBEN","15"
"RANJIT","15"
"RANKO","05"
"RASHMI","15"
"RASHPAL","15"
"RASIKABEN","15"
"RASILA","15"
"RASILABEN","15"
"RAT","10"
"RATAN","15"
"RATANBAI","15"
"RATANBEN","15"
"RATHNA","15"
"RATI","15"
"RATNAMMA","15"
"RATNAPRABHA","15"
"RATNI","15"
"RATTAN","15"
"RAU","10"
"RAVINDER","15"
"REDENCION","06"
"REHANA","15"
"REHMAT","15"
"REHMATBAI","15"
"REI","05"
"REIKO","05"
"REKHA","15"
"REKHABEN","15"
"RELKO","05"
"REMIDIOS","06"
"REMY","06"
"RENKO","05"
"RENUKA","15"
"RESHAM","15"
"RESURECCION","06"
"RESURRECCION","06"
"RESURRECION","06"
"REUABEN","15"
"REVABEN","15"
"REVATI","15"
"REVELINA","06"
"REWABEN","15"
"RIAZ","15"
"RIEKO","05"
"RIEP","10"
"RIEU","10"
"RII","05"
"RIKU","05"
"RINH","10"
"RINKO","05"
"RINO","05"
"RISE","05"
"RITSU","05"
"RITSUKO","05"
"RIU","05"
"RIYO","05"
"RIYOKO","05"
"RIYU","05"
"RIZALINA","06"
"RODRIGA","06"
"ROHINI","15"
"ROKU","05"
"ROLITA","06"
"RONG","04"
"RONGHUA","04"
"RONGZHEN","04"
"ROOP","15"
"ROQUESA","06"
"ROQUETA","06"
"ROSAMILIA","06"
"ROSAMMA","15"
"ROSELILY","06"
"ROSHAN","15"
"ROSHANARA","15"
"ROSHANBAI","15"
"ROSHANKHANU","15"
"ROSVIDA","06"
"ROT","10"
"RU","04"
"RUBABBAI","15"
"RUEI","04"
"RUI","04"
"RUIBAO","04"
"RUIDI","04"
"RUIFANG","04"
"RUIFEN","04"
"RUIHUA","04"
"RUIHUAN","04"
"RUIJIAO","04"
"RUIJUAN","04"
"RUIKO","05"
"RUILIAN","04"
"RUIQIN","04"
"RUIQING","04"
"RUIQIONG","04"
"RUIRONG","04"
"RUIWEN","04"
"RUIXIA","04"
"RUIXIAN","04"
"RUIXIANG","04"
"RUIXIN","04"
"RUIYI","04"
"RUIYING","04"
"RUIYU","04"
"RUIYUN","04"
"RUIZHEN","04"
"RUIZHI","04"
"RUKHIBEN","15"
"RUKMANI","15"
"RUKMINI","15"
"RUKSHAMANIBE","15"
"RUKSHMANI","15"
"RUKSHMANIBEN","15"
"RUMI","05"
"RUMIKO","05"
"RUN","04"
"RUNG","10"
"RUO","04"
"RUOH","04"
"RUONG","10"
"RUOU","10"
"RUPA","15"
"RUQAIYA","15"
"RUQUIA","15"
"RURI","05"
"RURIKO","05"
"RUSTICA","06"
"RUXAMANIBEN","15"
"RUXMANI","15"
"RUXMANIBEN","15"
"RUYEN","10"
"RUYI","04"
"RUYING","04"
"RUYU","04"
"RUYUN","04"
"RUZHEN","04"
"RUZHU","04"
"RYANG","08"
"RYO","05"
"RYOKO","05"
"RYONG","08"
"RYOUNG","08"
"RYU","05"
"RYUKO","05"
"RYUN","08"
"RYUNG","08"
"SABERA","15"
"SABINIANA","06"
"SABITRI","15"
"SAC","10"
"SACH","10"
"SACHI","05"
"SACHIE","05"
"SACHIKO","05"
"SACHIYO","05"
"SADAE","05"
"SADAKO","05"
"SADAME","05"
"SADAMI","05"
"SADANO","05"
"SADAYO","05"
"SADHANA","15"
"SAEED","15"
"SAEKO","05"
"SAFDAR","15"
"SAGHIRA","15"
"SAI","04"
"SAIHUA","04"
"SAIKO","05"
"SAIRA","15"
"SAJIDA","15"
"SAKAE","05"
"SAKAR","15"
"SAKARBAI","15"
"SAKARBEN","15"
"SAKAYE","05"
"SAKAYO","05"
"SAKERBEN","15"
"SAKERKHANU","15"
"SAKI","05"
"SAKIE","05"
"SAKIKO","05"
"SAKINABAI","15"
"SAKKAR","15"
"SAKKARKHANU","15"
"SAKU","05"
"SAKUE","05"
"SAKUKO","05"
"SAKUNTALA","15"
"SAKUNTHALA","15"
"SAKURA","05"
"SALVACION","06"
"SAME","05"
"SAMIKO","05"
"SAMJUBEN","15"
"SAMMUI","04"
"SAMSOON","08"
"SAMUBEN","15"
"SANAE","05"
"SANCHA","06"
"SANG","08"
"SANGHEE","08"
"SANGOK","08"
"SANGSOOK","08"
"SANGSOON","08"
"SANGWON","08"
"SANH","10"
"SANJIDA","15"
"SANKARI","15"
"SANMEI","04"
"SANO","05"
"SANTABEN","15"
"SANTHAMMA","15"
"SANTOKBEN","15"
"SANTOSH","15"
"SARABIBI","15"
"SARADAMBAL","15"
"SARADHA","15"
"SARALA","15"
"SARALABEN","15"
"SARAMMA","15"
"SARASAMMA","15"
"SARASWATHAMM","15"
"SARASWATHI","15"
"SARASWATHY","15"
"SARASWATI","15"
"SARASWATIBEN","15"
"SARAYU","15"
"SARDABEN","15"
"SARJIT","15"
"SARLA","15"
"SARLABEN","15"
"SAROJ","15"
"SAROJA","15"
"SAROJAMMA","15"
"SAROJANI","15"
"SAROJBALA","15"
"SAROJBEN","15"
"SAROJINI","15"
"SAROJINIAMMA","15"
"SAROJINIDEVI","15"
"SARSWATI","15"
"SARTAJ","15"
"SARVAMANGALA","15"
"SARWAR","15"
"SARWARI","15"
"SARYU","15"
"SARYUBALA","15"
"SAT","10"
"SATA","05"
"SATAKO","05"
"SATHYAVATHI","15"
"SATINDER","15"
"SATNAM","15"
"SATO","05"
"SATOE","05"
"SATOKO","05"
"SATOMI","05"
"SATOYO","05"
"SATSU","05"
"SATSUE","05"
"SATSUKI","05"
"SATSUKO","05"
"SATWANT","15"
"SATYA","15"
"SATYAVATHI","15"
"SATYAVATI","15"
"SATYAWATI","15"
"SAU","04"
"SAUCHING","04"
"SAUCHUN","04"
"SAUFONG","04"
"SAUFUNG","04"
"SAUITRI","15"
"SAUKAM","04"
"SAUKING","04"
"SAULAN","04"
"SAULIN","04"
"SAUMUI","04"
"SAUPING","04"
"SAUWAH","04"
"SAUWAN","04"
"SAUYIN","04"
"SAUYING","04"
"SAVITA","15"
"SAVITABEN","15"
"SAVITHRI","15"
"SAVITRI","15"
"SAVITRIBAI","15"
"SAVITRIBEN","15"
"SAVITRIDEVI","15"
"SAWA","05"
"SAWAE","05"
"SAWAKO","05"
"SAWANO","05"
"SAWARN","15"
"SAYEEDA","15"
"SAYO","05"
"SAYOKO","05"
"SAYURI","05"
"SECHIKO","05"
"SEEN","04"
"SEETHA","15"
"SEETHALAKSHM","15"
"SEETHAMMA","15"
"SEGUNDINA","06"
"SEI","05"
"SEID","04"
"SEIKO","05"
"SEK","04"
"SEKI","05"
"SEKIKO","05"
"SEKINO","05"
"SEKIYO","05"
"SEMIONA","06"
"SEN","10"
"SENEN","06"
"SENKO","05"
"SEO","08"
"SEOK","08"
"SEON","08"
"SEONG","08"
"SEOUNG","08"
"SERENIDAD","06"
"SERVILLANA","06"
"SESHAMMA","15"
"SESHARATNAM","15"
"SETO","04"
"SETSU","05"
"SETSUE","05"
"SETSUKO","05"
"SETSUYO","05"
"SEU","04"
"SEUN","08"
"SEUNG","08"
"SEUNGHEE","08"
"SEW","04"
"SEWA","15"
"SHA","04"
"SHAH","15"
"SHAHER","15"
"SHAHJAHAN","15"
"SHAHSULTAN","15"
"SHAHZADI","15"
"SHAI","04"
"SHAILA","15"
"SHAILAJA","15"
"SHAISTA","15"
"SHAKARIBEN","15"
"SHAKEELA","15"
"SHAKILA","15"
"SHAKIRA","15"
"SHAKRIBEN","15"
"SHAKTI","15"
"SHAKUNTALA","15"
"SHAKUNTALABE","15"
"SHAKUNTHALA","15"
"SHAKUNTLA","15"
"SHALINI","15"
"SHAM","15"
"SHAMEEM","15"
"SHAMIMA","15"
"SHAMIN","15"
"SHAMSHAD","15"
"SHAMSUNNISA","15"
"SHANG","04"
"SHANSHAN","04"
"SHANT","15"
"SHANTA","15"
"SHANTABAI","15"
"SHANTABEN","15"
"SHANTADEVI","15"
"SHANTAGAURI","15"
"SHANTBEN","15"
"SHANTHA","15"
"SHANTHAMMA","15"
"SHANTHI","15"
"SHANTI","15"
"SHANTIBEN","15"
"SHAO","04"
"SHAOFANG","04"
"SHAOHUA","04"
"SHAOLAN","04"
"SHAOLING","04"
"SHAOMEI","04"
"SHAOQIN","04"
"SHAOQING","04"
"SHAORONG","04"
"SHAOXIA","04"
"SHAOYING","04"
"SHAOZHEN","04"
"SHARADA","15"
"SHARADABAI","15"
"SHARADABEN","15"
"SHARADAMMA","15"
"SHARDA","15"
"SHARDABEN","15"
"SHARMISHTA","15"
"SHARMISHTHA","15"
"SHARMISTA","15"
"SHARMISTHA","15"
"SHASHI","15"
"SHASHIKALA","15"
"SHATABEN","15"
"SHAU","04"
"SHAUKAT","15"
"SHE","04"
"SHEAU","04"
"SHEE","04"
"SHEFALI","15"
"SHEI","04"
"SHEK","04"
"SHEM","04"
"SHEN","04"
"SHENG","04"
"SHENGHUA","04"
"SHENGMEI","04"
"SHERBANO","15"
"SHERBANOO","15"
"SHERBANU","15"
"SHET","04"
"SHEU","04"
"SHEUE","04"
"SHEUNG","04"
"SHEUT","04"
"SHEW","04"
"SHI","04"
"SHIA","04"
"SHIAN","04"
"SHIANG","04"
"SHIAO","04"
"SHIAU","04"
"SHIAW","04"
"SHIE","10"
"SHIEH","04"
"SHIEN","04"
"SHIFANG","04"
"SHIFEN","04"
"SHIGAKO","05"
"SHIGE","05"
"SHIGEKO","05"
"SHIGEMI","05"
"SHIGENO","05"
"SHIGERI","05"
"SHIGERU","05"
"SHIGEYO","05"
"SHIH","04"
"SHIHCHEN","04"
"SHIHCHI","04"
"SHIHFANG","04"
"SHIHHUA","04"
"SHIHLAN","04"
"SHIHOKO","05"
"SHIHUA","04"
"SHIHUI","04"
"SHIHYING","04"
"SHIK","04"
"SHIKA","05"
"SHILIN","04"
"SHILING","04"
"SHIMA","05"
"SHIMAE","05"
"SHIMAKO","05"
"SHIME","05"
"SHIMEI","04"
"SHIMEKO","05"
"SHIMING","04"
"SHIMO","05"
"SHIN","08"
"SHINA","05"
"SHINAKO","05"
"SHINAYO","05"
"SHING","04"
"SHINJA","08"
"SHINKO","05"
"SHINOBU","05"
"SHIORI","05"
"SHIOU","04"
"SHIOW","04"
"SHIRINBAI","15"
"SHIRONG","04"
"SHIT","04"
"SHITSUKO","05"
"SHIU","04"
"SHIUCHIN","04"
"SHIUE","04"
"SHIUFONG","04"
"SHIULAN","04"
"SHIUMEI","04"
"SHIUYING","04"
"SHIV","15"
"SHIVIBEN","15"
"SHIXIAN","04"
"SHIYAN","04"
"SHIYING","04"
"SHIYO","05"
"SHIYU","04"
"SHIYUN","04"
"SHIZHEN","04"
"SHIZU","05"
"SHIZUE","05"
"SHIZUI","05"
"SHIZUKA","05"
"SHIZUKO","05"
"SHIZUMI","05"
"SHIZUNO","05"
"SHIZUO","05"
"SHIZUYE","05"
"SHIZUYO","05"
"SHIZVE","05"
"SHO","04"
"SHOBHA","15"
"SHOBHANA","15"
"SHOBHNA","15"
"SHOCK","04"
"SHOK","04"
"SHOKO","05"
"SHON","04"
"SHONG","04"
"SHOO","04"
"SHOOK","04"
"SHOOT","04"
"SHOU","04"
"SHOUCHING","04"
"SHOUYI","04"
"SHOUZHEN","04"
"SHOW","04"
"SHREEDEVI","15"
"SHRIMATI","15"
"SHRIMATIBEN","15"
"SHU","04"
"SHUAN","04"
"SHUANG","04"
"SHUBHA","15"
"SHUCHEN","04"
"SHUCHENG","04"
"SHUCHI","04"
"SHUCHIN","04"
"SHUCHING","04"
"SHUCHU","04"
"SHUCHUAN","04"
"SHUCHUN","04"
"SHUCHUNG","04"
"SHUDE","04"
"SHUE","04"
"SHUEH","04"
"SHUEI","04"
"SHUEN","04"
"SHUET","04"
"SHUEY","04"
"SHUFAN","04"
"SHUFANG","04"
"SHUFEN","04"
"SHUFENG","04"
"SHUGUI","04"
"SHUH","04"
"SHUHSIA","04"
"SHUHSIEN","04"
"SHUHSIN","04"
"SHUHUA","04"
"SHUHUEI","04"
"SHUHUI","04"
"SHUHWA","04"
"SHUI","04"
"SHUICHING","04"
"SHUICHUN","04"
"SHUIKING","04"
"SHUILAN","04"
"SHUILING","04"
"SHUING","04"
"SHUIT","04"
"SHUIYING","04"
"SHUJEN","04"
"SHUJING","04"
"SHUJU","04"
"SHUJUAN","04"
"SHUJUN","04"
"SHUK","04"
"SHUKCHING","04"
"SHUKLA","15"
"SHUKO","05"
"SHUKUN","04"
"SHUKYEE","04"
"SHUKYING","04"
"SHULAN","04"
"SHULI","04"
"SHULIEN","04"
"SHULIN","04"
"SHULING","04"
"SHUM","04"
"SHUMEI","04"
"SHUMIN","04"
"SHUMING","04"
"SHUN","04"
"SHUNG","04"
"SHUNHUA","04"
"SHUNU","04"
"SHUNYEE","04"
"SHUNYING","04"
"SHUO","04"
"SHUPING","04"
"SHUQIN","04"
"SHUQING","04"
"SHUQIONG","04"
"SHUQIU","04"
"SHUQUN","04"
"SHURONG","04"
"SHURU","04"
"SHUSHILA","15"
"SHUSHILABEN","15"
"SHUT","04"
"SHUTZU","04"
"SHUWAN","04"
"SHUWEI","04"
"SHUWEN","04"
"SHUXIA","04"
"SHUXIAN","04"
"SHUXIANG","04"
"SHUXIN","04"
"SHUXIU","04"
"SHUYAN","04"
"SHUYEN","04"
"SHUYI","04"
"SHUYIN","04"
"SHUYING","04"
"SHUYU","04"
"SHUYUAN","04"
"SHUYUN","04"
"SHUYUNG","04"
"SHUZHEN","04"
"SHUZHI","04"
"SHWU","04"
"SHYAM","15"
"SHYAMA","15"
"SHYAMALA","15"
"SHYANG","04"
"SHYH","04"
"SHYU","04"
"SIANG","04"
"SIAO","04"
"SIAU","04"
"SICK","04"
"SIDDIQA","15"
"SIDDIQUA","15"
"SIH","04"
"SIK","04"
"SIKANDER","15"
"SILL","04"
"SILLOO","15"
"SIM","04"
"SIMEI","04"
"SIMPROSA","06"
"SIN","04"
"SINAG","06"
"SINDHU","15"
"SINFROSA","06"
"SINGH","15"
"SINH","10"
"SINJA","08"
"SINN","04"
"SIO","04"
"SIPRA","15"
"SIT","04"
"SITABEN","15"
"SITADEVI","15"
"SITAL","15"
"SITALAKSHMI","15"
"SIU","04"
"SIUCHIN","04"
"SIUCHING","04"
"SIUCHUN","04"
"SIUENG","04"
"SIUFONG","04"
"SIUHAN","04"
"SIUKING","04"
"SIUKUEN","04"
"SIULAN","04"
"SIULING","04"
"SIUMUI","04"
"SIUWAN","04"
"SIUYING","04"
"SIUYUNG","04"
"SMITA","15"
"SMRITI","15"
"SNEH","15"
"SNEHALATA","15"
"SNEHLATA","15"
"SO","04"
"SOA","10"
"SOAK","04"
"SOAN","10"
"SOCHING","04"
"SOCK","04"
"SODE","05"
"SOGRA","15"
"SOHAN","15"
"SOHING","04"
"SOHINI","15"
"SOI","10"
"SOKAM","04"
"SOKUEN","04"
"SOLING","04"
"SOME","05"
"SOMEI","04"
"SOMIBEN","15"
"SON","08"
"SONABEN","15"
"SONG","08"
"SONGJA","08"
"SONO","05"
"SONOE","05"
"SONOK","08"
"SONOKO","05"
"SOO","08"
"SOOHOO","04"
"SOOK","08"
"SOOKHEE","08"
"SOOKJA","08"
"SOOKYUNG","08"
"SOOM","08"
"SOON","08"
"SOONAE","08"
"SOONBOK","08"
"SOONDEOK","08"
"SOONDUCK","08"
"SOONDUK","08"
"SOONE","08"
"SOONG","04"
"SOONHEE","08"
"SOONHI","08"
"SOONHO","08"
"SOONIM","08"
"SOONJA","08"
"SOONJIN","08"
"SOONKI","08"
"SOONNAM","08"
"SOONOK","08"
"SOONRYE","08"
"SOONSIL","08"
"SOONYAE","08"
"SOONYE","08"
"SOONYEE","08"
"SOONYI","08"
"SOONYOUNG","08"
"SOOT","04"
"SOSAMMA","15"
"SOSIMA","06"
"SOT","10"
"SOTERANIA","06"
"SOU","04"
"SOUNDARAM","15"
"SOUNG","08"
"SOW","04"
"SOYING","04"
"SOYO","05"
"SOYOKO","05"
"SREEDEVI","15"
"SRINIVASAN","15"
"SSANG","08"
"SSI","08"
"SU","04"
"SUBBALAKSHMI","15"
"SUBBAMMA","15"
"SUBBULAKSHMI","15"
"SUBHADRA","15"
"SUBHADRABEN","15"
"SUBHASHINI","15"
"SUC","10"
"SUCHANG","04"
"SUCHEN","04"
"SUCHENG","04"
"SUCHI","04"
"SUCHIN","04"
"SUCHING","04"
"SUCHIU","04"
"SUCHU","04"
"SUCHUAN","04"
"SUCK","08"
"SUDERSHAN","15"
"SUDESH","15"
"SUDHA","15"
"SUDHABEN","15"
"SUECHEN","04"
"SUEH","04"
"SUEI","04"
"SUEKO","05"
"SUEN","04"
"SUENO","05"
"SUER","04"
"SUET","04"
"SUEY","04"
"SUFAN","04"
"SUFANG","04"
"SUFEN","04"
"SUFENG","04"
"SUGA","05"
"SUGAKO","05"
"SUGHRAN","15"
"SUGI","05"
"SUGIE","05"
"SUGIKO","05"
"SUGINO","05"
"SUGRA","15"
"SUGRABIBI","15"
"SUGUNA","15"
"SUHASINI","15"
"SUHLAN","04"
"SUHN","08"
"SUHSIA","04"
"SUHSIANG","04"
"SUHUA","04"
"SUHUI","04"
"SUHWA","04"
"SUI","04"
"SUIFONG","04"
"SUIKING","04"
"SUIKO","05"
"SUILIN","04"
"SUIMEI","04"
"SUING","04"
"SUIPING","04"
"SUIT","04"
"SUIYEE","04"
"SUIYING","04"
"SUJATA","15"
"SUJEN","04"
"SUJU","04"
"SUJUAN","04"
"SUJUN","04"
"SUJUNG","04"
"SUK","08"
"SUKANYA","15"
"SUKCHA","08"
"SUKCHING","04"
"SUKFONG","04"
"SUKHDEV","15"
"SUKHEE","08"
"SUKHING","04"
"SUKHJINDER","15"
"SUKHJIT","15"
"SUKHWANT","15"
"SUKHWINDER","15"
"SUKJA","08"
"SUKLA","15"
"SUKSOON","08"
"SUL","08"
"SULABHA","15"
"SULAN","04"
"SULBHA","15"
"SULI","04"
"SULIAN","04"
"SULING","04"
"SULOCHANA","15"
"SULOCHANABEN","15"
"SULPICIA","06"
"SUM","04"
"SUMAKO","05"
"SUMAN","15"
"SUMANBEN","15"
"SUMATHI","15"
"SUMATI","15"
"SUMATIBEN","15"
"SUMEI","04"
"SUMI","05"
"SUMIE","05"
"SUMIKA","05"
"SUMIKO","05"
"SUMILANG","06"
"SUMIN","04"
"SUMING","04"
"SUMINO","05"
"SUMIRE","05"
"SUMITA","15"
"SUMITHRA","15"
"SUMITRA","15"
"SUMITRABEN","15"
"SUMIYE","05"
"SUMIYO","05"
"SUN","08"
"SUNAKO","05"
"SUNAM","08"
"SUNANDA","15"
"SUNAO","05"
"SUNDARAMMA","15"
"SUNDARAVALLI","15"
"SUNDARI","15"
"SUNG","08"
"SUNGAE","08"
"SUNGJA","08"
"SUNGOK","08"
"SUNGSIL","08"
"SUNGSOOK","08"
"SUNGSOON","08"
"SUNHEE","08"
"SUNHUI","08"
"SUNILA","15"
"SUNIM","08"
"SUNITA","15"
"SUNITI","15"
"SUNJA","08"
"SUNNAM","08"
"SUNOK","08"
"SUNPOK","08"
"SUNTOK","08"
"SUNYE","08"
"SUNYI","08"
"SUNYING","04"
"SUNYO","08"
"SUO","04"
"SUOI","10"
"SUONG","10"
"SUP","08"
"SUPING","04"
"SUQIN","04"
"SUQING","04"
"SUQIONG","04"
"SURAIYA","15"
"SURAJ","15"
"SURAJBEN","15"
"SURBALA","15"
"SURBHI","15"
"SUREKHA","15"
"SURENDRA","15"
"SURINDER","15"
"SURJEET","15"
"SURJIT","15"
"SURYABALA","15"
"SURYAKANTA","15"
"SURYAKANTAM","15"
"SUSAMMA","15"
"SUSEELA","15"
"SUSHAMA","15"
"SUSHEELA","15"
"SUSHIL","15"
"SUSHILA","15"
"SUSHILABEN","15"
"SUSHMA","15"
"SUSILA","15"
"SUSIMA","06"
"SUSU","04"
"SUT","04"
"SUU","10"
"SUVARNA","15"
"SUWA","05"
"SUWEN","04"
"SUXIA","04"
"SUXIAN","04"
"SUXIN","04"
"SUYAKO","05"
"SUYE","05"
"SUYEN","04"
"SUYIN","04"
"SUYING","04"
"SUYU","04"
"SUYUAN","04"
"SUYUEH","04"
"SUYUN","04"
"SUYUNG","04"
"SUZHEN","04"
"SUZU","05"
"SUZUE","05"
"SUZUKO","05"
"SUZUMI","05"
"SUZUYO","05"
"SWADESH","15"
"SWARAJ","15"
"SWARAJYA","15"
"SWARAN","15"
"SWARN","15"
"SWARNA","15"
"SWARUP","15"
"SWE","04"
"SWEI","04"
"SWINDER","15"
"SY","10"
"SYAMALA","15"
"SYED","15"
"SYEDA","15"
"SZE","04"
"SZEMUI","04"
"SZETO","04"
"SZU","04"
"TAC","10"
"TACH","10"
"TACIANA","06"
"TADAKO","05"
"TAE","08"
"TAEHEE","08"
"TAEIM","08"
"TAEK","08"
"TAEKO","05"
"TAEOK","08"
"TAESOOK","08"
"TAESOON","08"
"TAESUN","08"
"TAGUMPAY","06"
"TAHERA","15"
"TAI","04"
"TAIKO","05"
"TAIMEI","04"
"TAK","04"
"TAKA","05"
"TAKAE","05"
"TAKAKO","05"
"TAKAO","05"
"TAKAYO","05"
"TAKCHING","04"
"TAKE","05"
"TAKEKO","05"
"TAKENO","05"
"TAKEYO","05"
"TAKHING","04"
"TAKI","05"
"TAKIE","05"
"TAKIKO","05"
"TAKINO","05"
"TAKIYO","05"
"TAL","08"
"TAM","10"
"TAMAE","05"
"TAMAKI","05"
"TAMAKO","05"
"TAMAMI","05"
"TAMANO","05"
"TAMAYE","05"
"TAMAYO","05"
"TAME","05"
"TAMI","05"
"TAMIKO","05"
"TAMIYO","05"
"TANE","05"
"TANEKO","05"
"TANG","04"
"TANH","10"
"TANI","05"
"TANMAN","15"
"TAO","04"
"TAP","10"
"TAPATI","15"
"TAPIBEN","15"
"TARABAI","15"
"TARABEN","15"
"TARALAXMI","15"
"TARAMATI","15"
"TARCELA","06"
"TARCIANA","06"
"TARLIKA","15"
"TARSEM","15"
"TARULATA","15"
"TATSU","05"
"TATSUE","05"
"TATSUKO","05"
"TATSUMI","05"
"TATSUNO","05"
"TATSUYO","05"
"TAYABA","15"
"TAYO","05"
"TAYYABA","15"
"TAZU","05"
"TAZUKO","05"
"TECHEN","04"
"TECHUN","04"
"TEH","04"
"TEHMI","15"
"TEHMINA","15"
"TEI","05"
"TEIKO","05"
"TEJ","15"
"TEJINDER","15"
"TENG","04"
"TEO","10"
"TEODORICA","06"
"TEODULFA","06"
"TEOFISTA","06"
"TEOPISTA","06"
"TEOTIMA","06"
"TERSITA","06"
"TERU","05"
"TERUE","05"
"TERUKA","05"
"TERUKO","05"
"TERUMI","05"
"TERUNO","05"
"TERUYO","05"
"TESALONICA","06"
"TETSU","05"
"TETSUKO","05"
"TEU","04"
"TEUK","08"
"TEW","04"
"TEYING","04"
"THACH","10"
"THAI","10"
"THAM","10"
"THAN","10"
"THANG","10"
"THANGAM","15"
"THANGAMMA","15"
"THANH","10"
"THANHHUONG","10"
"THANHTAM","10"
"THANHVAN","10"
"THANKAMMA","15"
"THAO","10"
"THAP","10"
"THAT","10"
"THAU","10"
"THE","10"
"THEM","10"
"THEN","10"
"THEU","10"
"THI","10"
"THICH","10"
"THIEM","10"
"THIEN","10"
"THIENG","10"
"THIEP","10"
"THIET","10"
"THIEU","10"
"THIHOA","10"
"THIN","10"
"THINH","10"
"THO","10"
"THOA","10"
"THOAI","10"
"THOAN","10"
"THOI","10"
"THOM","10"
"THRESIAMMA","15"
"THRESSIAMMA","15"
"THU","10"
"THUA","10"
"THUAN","10"
"THUAT","10"
"THUBA","10"
"THUC","10"
"THUCUC","10"
"THUE","10"
"THUHA","10"
"THUHONG","10"
"THUHUONG","10"
"THUNG","10"
"THUOC","10"
"THUONG","10"
"THUTHUY","10"
"THUVAN","10"
"THUY","10"
"THUYEN","10"
"THUYET","10"
"THUYTIEN","10"
"TI","04"
"TIAN","04"
"TICH","10"
"TIEH","04"
"TIEM","10"
"TIEN","10"
"TIENG","10"
"TIENMEI","04"
"TIEP","10"
"TIET","10"
"TIEU","10"
"TING","04"
"TINGMEI","04"
"TINGTING","04"
"TINGYI","04"
"TINH","10"
"TIONG","04"
"TIU","04"
"TO","10"
"TOA","10"
"TOAI","10"
"TOAN","10"
"TOE","05"
"TOJIU","05"
"TOK","08"
"TOKI","05"
"TOKIE","05"
"TOKIKO","05"
"TOKIMI","05"
"TOKIWA","05"
"TOKIYO","05"
"TOKU","05"
"TOKUE","05"
"TOKUKO","05"
"TOKUYO","05"
"TOME","05"
"TOMEKO","05"
"TOMENO","05"
"TOMEYO","05"
"TOMI","05"
"TOMIKO","05"
"TOMINO","05"
"TOMIYE","05"
"TOMIYO","05"
"TOMO","05"
"TOMOE","05"
"TOMOKO","05"
"TOMOMI","05"
"TOMOYE","05"
"TOMOYO","05"
"TON","10"
"TONGA","10"
"TOO","04"
"TOOEY","04"
"TOR","04"
"TORAYO","05"
"TORI","05"
"TORIKO","05"
"TOSHI","05"
"TOSHIE","05"
"TOSHII","05"
"TOSHIKO","05"
"TOSHIMI","05"
"TOSHINO","05"
"TOSHIYE","05"
"TOSHIYO","05"
"TOW","04"
"TOWA","05"
"TOYO","05"
"TOYOE","05"
"TOYOKO","05"
"TOYOME","05"
"TOYOMI","05"
"TOYONO","05"
"TRA","10"
"TRAC","10"
"TRACH","10"
"TRAI","10"
"TRAM","10"
"TRAN","10"
"TRANG","10"
"TRANH","10"
"TRANSFIGURAC","06"
"TRANSLACION","06"
"TREFINA","06"
"TRI","10"
"TRIEM","10"
"TRIET","10"
"TRIEU","10"
"TRIFINA","06"
"TRIFONA","06"
"TRIFONIA","06"
"TRIFUNA","06"
"TRINH","10"
"TRIPTA","15"
"TRIVEDI","15"
"TRIVENI","15"
"TRIVENIBEN","15"
"TRO","10"
"TRON","10"
"TRONG","10"
"TROUNG","10"
"TRU","10"
"TRUAT","10"
"TRUC","10"
"TRUNG","10"
"TRUOC","10"
"TRUONG","10"
"TRUYEN","10"
"TSA","04"
"TSAE","04"
"TSAI","04"
"TSAICHU","04"
"TSAIFENG","04"
"TSAIFONG","04"
"TSAIHSIA","04"
"TSAIJEN","04"
"TSAILAN","04"
"TSAILIEN","04"
"TSAILUAN","04"
"TSAIMEI","04"
"TSAIO","04"
"TSAIPING","04"
"TSAIYEN","04"
"TSAIYU","04"
"TSAIYUN","04"
"TSAN","04"
"TSANG","04"
"TSAO","04"
"TSAU","04"
"TSAY","04"
"TSE","04"
"TSEN","04"
"TSENG","04"
"TSI","04"
"TSIA","04"
"TSIN","04"
"TSING","04"
"TSO","04"
"TSOI","04"
"TSONG","04"
"TSOU","04"
"TSU","04"
"TSUCHIYO","05"
"TSUE","05"
"TSUEI","04"
"TSUEKO","05"
"TSUEY","04"
"TSUGI","05"
"TSUGIE","05"
"TSUGIKO","05"
"TSUGINO","05"
"TSUI","04"
"TSUIHUA","04"
"TSUILAN","04"
"TSUIWEI","04"
"TSUIYING","04"
"TSUIYU","04"
"TSUIYUN","04"
"TSUKI","05"
"TSUKIKO","05"
"TSUMA","05"
"TSUMAKO","05"
"TSUN","04"
"TSUNA","05"
"TSUNAKO","05"
"TSUNE","05"
"TSUNEKO","05"
"TSUNEYO","05"
"TSUNG","04"
"TSUNGYU","04"
"TSURU","05"
"TSURUE","05"
"TSURUKO","05"
"TSURUYE","05"
"TSURUYO","05"
"TSUTA","05"
"TSUTAE","05"
"TSUTAKO","05"
"TSUTANO","05"
"TSUTAYO","05"
"TSUYA","05"
"TSUYAKO","05"
"TSUYANO","05"
"TSUYO","05"
"TSUYOKO","05"
"TSUYU","05"
"TSUYUKO","05"
"TSZ","04"
"TU","10"
"TUAN","04"
"TUANH","10"
"TUAT","10"
"TUC","10"
"TUEN","04"
"TUEY","04"
"TUI","04"
"TUK","08"
"TULASI","15"
"TULSI","15"
"TUN","04"
"TUNG","04"
"TUNGMEI","04"
"TUOC","10"
"TUOI","10"
"TUONG","10"
"TUU","10"
"TUY","10"
"TUYEN","10"
"TUYET","10"
"TUYETHONG","10"
"TUYETMAI","10"
"TUYETNGA","10"
"TUYETNHUNG","10"
"TWAN","04"
"TY","10"
"TZE","04"
"TZENG","04"
"TZU","04"
"TZUMEI","04"
"UDHAM","15"
"UH","08"
"UHN","08"
"UI","08"
"UJAMBEN","15"
"UJIBEN","15"
"UL","08"
"ULDARICA","06"
"UM","08"
"UME","05"
"UMEKA","05"
"UMEKO","05"
"UMENO","05"
"UMEYO","05"
"UMIYABEN","15"
"UN","08"
"UNSUN","08"
"UOC","10"
"UONG","10"
"UP","08"
"URMI","15"
"URMIL","15"
"URMILA","15"
"URMILABEN","15"
"URMILLA","15"
"URVASHI","15"
"USHA","15"
"USHABEN","15"
"USHADEVI","15"
"USHI","05"
"USHIYA","05"
"UT","10"
"UTA","05"
"UTAE","05"
"UTAKO","05"
"UTO","05"
"UYEN","10"
"VAI","04"
"VAJIABEN","15"
"VAJIYABEN","15"
"VAJYABEN","15"
"VALIBEN","15"
"VANAJA","15"
"VANDANA","15"
"VANITABEN","15"
"VANLILA","15"
"VARALAKSHMI","15"
"VARGHESE","15"
"VARSHA","15"
"VASANT","15"
"VASANTBEN","15"
"VASANTHA","15"
"VASANTHI","15"
"VASANTI","15"
"VASU","15"
"VASUBEN","15"
"VASUDHA","15"
"VASUMATI","15"
"VASUMATIBEN","15"
"VASUNDHARA","15"
"VATHSALA","15"
"VATSALA","15"
"VEDAVALLI","15"
"VEENABEN","15"
"VEERAMMA","15"
"VENERACION","06"
"VENKATA","15"
"VENKATAMMA","15"
"VENKATARAMAN","15"
"VENKATARATNA","15"
"VENTURADA","06"
"VERONIDIA","06"
"VET","10"
"VEVENCIA","06"
"VIBHA","15"
"VIDHYA","15"
"VIDHYABEN","15"
"VIDULA","15"
"VIDYA","15"
"VIDYABEN","15"
"VIDYAGAURI","15"
"VIDYAVATI","15"
"VIDYAWATI","15"
"VIEM","10"
"VIEN","10"
"VIET","10"
"VIJAY","15"
"VIJAYA","15"
"VIJAYABEN","15"
"VIJAYALAKSHM","15"
"VIJAYALAXMI","15"
"VIJYA","15"
"VIJYABEN","15"
"VIJYALAXMI","15"
"VILASBEN","15"
"VILLAFLOR","06"
"VILLANUEVA","06"
"VILLOO","15"
"VILLORITA","06"
"VIMAL","15"
"VIMALA","15"
"VIMALABEN","15"
"VIMLA","15"
"VIMLABEN","15"
"VIMUBEN","15"
"VINABEN","15"
"VINH","10"
"VINOD","15"
"VINODA","15"
"VINODBEN","15"
"VINODINI","15"
"VIRBALA","15"
"VIRBALABEN","15"
"VIRGENCITA","06"
"VIRMATI","15"
"VIRMATIBEN","15"
"VISALAKSHI","15"
"VISALAM","15"
"VISHAKHA","15"
"VISHALAKSHI","15"
"VITALIANA","06"
"VIVENCIA","06"
"VO","10"
"VOC","10"
"VOI","10"
"VONG","10"
"VRINDA","15"
"VU","10"
"VUI","10"
"VUNG","10"
"VUON","10"
"VUONG","10"
"VY","10"
"WA","04"
"WAE","08"
"WAH","04"
"WAHEED","15"
"WAHEEDUNNISA","15"
"WAI","04"
"WAICHING","04"
"WAICHU","04"
"WAICHUN","04"
"WAIFONG","04"
"WAIFUN","04"
"WAIHA","04"
"WAIHAN","04"
"WAIHING","04"
"WAIKING","04"
"WAIKUEN","04"
"WAIKWAN","04"
"WAILAN","04"
"WAILIN","04"
"WAILING","04"
"WAIMAN","04"
"WAIMING","04"
"WAIYEE","04"
"WAIYIN","04"
"WAIYING","04"
"WAIYUNG","04"
"WAKA","05"
"WAKAE","05"
"WAKAKO","05"
"WAKANO","05"
"WAKAYO","05"
"WAKI","05"
"WAL","04"
"WAN","04"
"WANCHEN","04"
"WANFANG","04"
"WANFEN","04"
"WANG","04"
"WANGSHIH","04"
"WANHUA","04"
"WANLAN","04"
"WANLIN","04"
"WANLING","04"
"WANMEI","04"
"WANPING","04"
"WANRONG","04"
"WANRU","04"
"WANXIAN","04"
"WANYI","04"
"WANYING","04"
"WANYU","04"
"WANYUN","04"
"WANZHEN","04"
"WASA","05"
"WAY","04"
"WE","08"
"WEI","04"
"WEICHEN","04"
"WEICHU","04"
"WEIFANG","04"
"WEIFEN","04"
"WEIFONG","04"
"WEIHUA","04"
"WEIJUN","04"
"WEILAN","04"
"WEILIN","04"
"WEILING","04"
"WEIMEI","04"
"WEIMING","04"
"WEIPING","04"
"WEIWEI","04"
"WEIWEN","04"
"WEIYING","04"
"WEIYUN","04"
"WEIZHEN","04"
"WEN","04"
"WENCESLAWA","06"
"WENCHEN","04"
"WENCHI","04"
"WENCHIH","04"
"WENCHIN","04"
"WENCHING","04"
"WENCHU","04"
"WENEFREDA","06"
"WENEFRIDA","06"
"WENFANG","04"
"WENFENG","04"
"WENFONG","04"
"WENG","04"
"WENHUA","04"
"WENHUI","04"
"WENHWA","04"
"WENIFREDA","06"
"WENJIE","04"
"WENJUAN","04"
"WENJUN","04"
"WENLAN","04"
"WENLI","04"
"WENMEI","04"
"WENQI","04"
"WENQIN","04"
"WENQING","04"
"WENSHU","04"
"WENWEN","04"
"WENXIAN","04"
"WENXIN","04"
"WENXIU","04"
"WENYAN","04"
"WENYI","04"
"WENYIN","04"
"WENYING","04"
"WENYU","04"
"WENYUAN","04"
"WENYUN","04"
"WENZHEN","04"
"WENZHU","04"
"WEOL","08"
"WHA","08"
"WHAK","08"
"WHAN","08"
"WHANG","08"
"WHEI","04"
"WI","08"
"WING","04"
"WO","04"
"WOAN","04"
"WOE","08"
"WOL","08"
"WON","08"
"WONG","04"
"WONJA","08"
"WOO","08"
"WOOD","04"
"WOOL","08"
"WOON","04"
"WOONG","08"
"WOUL","08"
"WU","04"
"WUI","04"
"WUL","08"
"WUMEI","04"
"WUN","04"
"WUNG","04"
"XA","10"
"XAM","10"
"XANG","10"
"XANH","10"
"XE","10"
"XEM","10"
"XEN","10"
"XI","04"
"XIAN","04"
"XIANG","04"
"XIANGYING","04"
"XIANGYUN","04"
"XIAO","04"
"XIAOFEN","04"
"XIAOFENG","04"
"XIAOHUI","04"
"XIAOJING","04"
"XIAOJUAN","04"
"XIAOLI","04"
"XIAOLING","04"
"XIAOMEI","04"
"XIAOPING","04"
"XIAOXIA","04"
"XIAOYAN","04"
"XIAOYING","04"
"XIAOYUN","04"
"XIAOZHEN","04"
"XICH","10"
"XIEM","10"
"XIENG","10"
"XIEU","10"
"XILING","04"
"XIMEI","04"
"XIN","04"
"XINDI","04"
"XING","04"
"XINGCHUN","04"
"XINGDI","04"
"XINGFEN","04"
"XINGHUA","04"
"XINGLIAN","04"
"XINGXIAN","04"
"XINGYING","04"
"XINGZHEN","04"
"XINH","10"
"XINHUA","04"
"XINLAN","04"
"XINRONG","04"
"XINYI","04"
"XIU","04"
"XIUE","04"
"XIUFANG","04"
"XIUFEN","04"
"XIUFENG","04"
"XIUGIN","04"
"XIUGIONG","04"
"XIUHE","04"
"XIUHUA","04"
"XIUJIN","04"
"XIUJU","04"
"XIUJUAN","04"
"XIUJUN","04"
"XIUKUN","04"
"XIULAN","04"
"XIULIAN","04"
"XIULIN","04"
"XIULING","04"
"XIUMEI","04"
"XIUPING","04"
"XIUQIN","04"
"XIUQING","04"
"XIUQIONG","04"
"XIURONG","04"
"XIURU","04"
"XIUWEN","04"
"XIUXIA","04"
"XIUYAN","04"
"XIUYI","04"
"XIUYING","04"
"XIUYU","04"
"XIUYUAN","04"
"XIUYUN","04"
"XIUZHEN","04"
"XIUZHI","04"
"XIUZHU","04"
"XIWEN","04"
"XIYING","04"
"XIYUAN","04"
"XIYUN","04"
"XIZHEN","04"
"XOAN","10"
"XOI","10"
"XU","04"
"XUA","10"
"XUAN","10"
"XUANHUONG","10"
"XUANMAI","10"
"XUE","04"
"XUEFEN","04"
"XUEHUA","04"
"XUEMEI","04"
"XUEMING","04"
"XUEPING","04"
"XUEQI","04"
"XUEQIN","04"
"XUEQING","04"
"XUEWEN","04"
"XUEYAN","04"
"XUEYI","04"
"XUEYING","04"
"XUEZHEN","04"
"XUN","04"
"XUNG","10"
"XUONG","10"
"XUYEN","10"
"YA","04"
"YACHEN","04"
"YACHIKO","05"
"YACHIN","04"
"YACHING","04"
"YACHIYO","05"
"YACHUN","04"
"YAE","05"
"YAEKO","05"
"YAEMI","05"
"YAENO","05"
"YAFANG","04"
"YAFEN","04"
"YAIKO","05"
"YAJUN","04"
"YAK","08"
"YALAN","04"
"YALI","04"
"YALIN","04"
"YALING","04"
"YAM","04"
"YAMEI","04"
"YAMUNA","15"
"YAN","04"
"YANAN","04"
"YANFANG","04"
"YANFEN","04"
"YANG","08"
"YANGJA","08"
"YANGSOON","08"
"YANLAN","04"
"YANLING","04"
"YANMING","04"
"YANPING","04"
"YANQING","04"
"YANQIU","04"
"YANRU","04"
"YANSHENG","04"
"YANYAN","04"
"YANYING","04"
"YANYU","04"
"YANYUN","04"
"YANZHEN","04"
"YAO","04"
"YAOHUA","04"
"YAOKO","05"
"YAOMEI","04"
"YAP","04"
"YAPING","04"
"YAQIN","04"
"YAQING","04"
"YARU","04"
"YASEEN","15"
"YASH","15"
"YASHODA","15"
"YASHODABEN","15"
"YASHODHARA","15"
"YASU","05"
"YASUE","05"
"YASUKO","05"
"YASUMI","05"
"YASUNO","05"
"YASUYO","05"
"YAT","04"
"YAU","04"
"YAW","04"
"YAXIAN","04"
"YAYE","05"
"YAYING","04"
"YAYOE","05"
"YAYOI","05"
"YAYOKO","05"
"YAYUN","04"
"YAZHEN","04"
"YE","08"
"YEE","04"
"YEECHUN","04"
"YEEMAN","04"
"YEEMUI","04"
"YEET","04"
"YEEWAN","04"
"YEH","04"
"YEHCHIAO","04"
"YEHO","04"
"YEN","10"
"YENMEI","04"
"YENYING","04"
"YENYU","04"
"YEO","08"
"YEOK","04"
"YEON","08"
"YEONG","08"
"YEONJA","08"
"YEONOK","08"
"YEOUNG","08"
"YEP","04"
"YET","04"
"YEUH","04"
"YEUK","04"
"YEUN","08"
"YEUNG","04"
"YEUT","04"
"YEW","04"
"YI","04"
"YICHUN","04"
"YICK","04"
"YIDI","04"
"YIE","04"
"YIFANG","04"
"YIFEN","04"
"YIH","04"
"YIHUA","04"
"YIJUN","04"
"YIK","04"
"YILAN","04"
"YILI","04"
"YILING","04"
"YIM","04"
"YIMEI","04"
"YIMIN","04"
"YIMING","04"
"YIN","04"
"YINAI","04"
"YINAN","04"
"YINCHUN","04"
"YINDI","04"
"YINFANG","04"
"YINFONG","04"
"YINFUN","04"
"YING","04"
"YINGCHU","04"
"YINGCHUN","04"
"YINGDI","04"
"YINGHUA","04"
"YINGHUI","04"
"YINGLAN","04"
"YINGMEI","04"
"YINGXIA","04"
"YINGYING","04"
"YINGYU","04"
"YINGYUAN","04"
"YINGZHEN","04"
"YINLING","04"
"YINMEI","04"
"YINPING","04"
"YINYIN","04"
"YINYING","04"
"YINYU","04"
"YIP","04"
"YIPING","04"
"YIQIN","04"
"YIQING","04"
"YISOON","08"
"YIT","04"
"YIU","04"
"YIWEI","04"
"YIWEN","04"
"YIXIAN","04"
"YIXIANG","04"
"YIXIN","04"
"YIYI","04"
"YIYING","04"
"YIYUAN","04"
"YIYUN","04"
"YIZHEN","04"
"YOCK","04"
"YOGINI","15"
"YOH","04"
"YOHKO","05"
"YOK","04"
"YOKE","04"
"YOKI","05"
"YOKIKO","05"
"YOKO","05"
"YOL","08"
"YOMIKO","05"
"YON","08"
"YONE","05"
"YONEKO","05"
"YONG","08"
"YONGAE","08"
"YONGCHA","08"
"YONGFANG","04"
"YONGFEN","04"
"YONGHEE","08"
"YONGHUA","04"
"YONGHUI","08"
"YONGJA","08"
"YONGNAM","08"
"YONGSOOK","08"
"YONGSOON","08"
"YONGSUK","08"
"YONGSUN","08"
"YONGZHEN","04"
"YONOK","08"
"YOO","08"
"YOOK","04"
"YOOKO","05"
"YOON","08"
"YOOSOON","08"
"YOOT","04"
"YORI","05"
"YORIKO","05"
"YOSHI","05"
"YOSHIE","05"
"YOSHII","05"
"YOSHIKA","05"
"YOSHIKO","05"
"YOSHIMI","05"
"YOSHINO","05"
"YOSHIO","05"
"YOSHIYE","05"
"YOT","04"
"YOTSU","05"
"YOU","04"
"YOUDI","04"
"YOUFANG","04"
"YOUG","08"
"YOUKO","05"
"YOULIAN","04"
"YOUMEI","04"
"YOUN","08"
"YOUNG","08"
"YOUNGAE","08"
"YOUNGBOK","08"
"YOUNGCHA","08"
"YOUNGHEE","08"
"YOUNGHWA","08"
"YOUNGJA","08"
"YOUNGJOO","08"
"YOUNGOK","08"
"YOUNGSIL","08"
"YOUNGSOO","08"
"YOUNGSOOK","08"
"YOUNGSOON","08"
"YOUNGSUK","08"
"YOUNGSUN","08"
"YOUNGYE","08"
"YOUNGZA","08"
"YOUQIN","04"
"YOUSUF","15"
"YOUYING","04"
"YOW","04"
"YU","04"
"YUAN","04"
"YUANCHIN","04"
"YUANFANG","04"
"YUANFENG","04"
"YUANHUA","04"
"YUANMEI","04"
"YUANYANG","04"
"YUANYING","04"
"YUANZHEN","04"
"YUCHAN","04"
"YUCHANG","04"
"YUCHAO","04"
"YUCHEN","04"
"YUCHENG","04"
"YUCHI","04"
"YUCHIAO","04"
"YUCHIEH","04"
"YUCHIH","04"
"YUCHIN","04"
"YUCHING","04"
"YUCHU","04"
"YUCHUAN","04"
"YUCHUN","04"
"YUCK","04"
"YUDI","04"
"YUE","04"
"YUEAI","04"
"YUECHAN","04"
"YUECHANG","04"
"YUEDI","04"
"YUEE","04"
"YUEFANG","04"
"YUEFEN","04"
"YUEGUI","04"
"YUEH","04"
"YUEHCHEN","04"
"YUEHCHIAO","04"
"YUEHCHIH","04"
"YUEHCHING","04"
"YUEHCHU","04"
"YUEHCHUN","04"
"YUEHER","04"
"YUEHHSIA","04"
"YUEHHUA","04"
"YUEHHWA","04"
"YUEHKUEI","04"
"YUEHLI","04"
"YUEHMEI","04"
"YUEHO","04"
"YUEHTAO","04"
"YUEHUA","04"
"YUEHYIN","04"
"YUEHYING","04"
"YUEHYUN","04"
"YUEK","04"
"YUELAN","04"
"YUELIAN","04"
"YUEMEI","04"
"YUEMING","04"
"YUEN","04"
"YUENG","04"
"YUENLING","04"
"YUENWAH","04"
"YUEQIN","04"
"YUEQING","04"
"YUER","04"
"YUERONG","04"
"YUERU","04"
"YUET","04"
"YUETKING","04"
"YUETNGOR","04"
"YUETSIM","04"
"YUETWAH","04"
"YUETYING","04"
"YUEXIAN","04"
"YUEXIN","04"
"YUEXIU","04"
"YUEY","04"
"YUEYING","04"
"YUEZHEN","04"
"YUFANG","04"
"YUFEN","04"
"YUFENG","04"
"YUFONG","04"
"YUGIN","04"
"YUH","04"
"YUHAO","04"
"YUHO","04"
"YUHSIA","04"
"YUHSIANG","04"
"YUHSIEN","04"
"YUHSIN","04"
"YUHSIU","04"
"YUHSUEH","04"
"YUHUA","04"
"YUHUAN","04"
"YUHUI","04"
"YUHWA","04"
"YUI","04"
"YUIN","04"
"YUING","04"
"YUIT","04"
"YUJEN","04"
"YUJIE","04"
"YUJIN","04"
"YUJU","04"
"YUJUN","04"
"YUJUNG","04"
"YUK","04"
"YUKA","05"
"YUKAKO","05"
"YUKARI","05"
"YUKCHING","04"
"YUKCHUN","04"
"YUKE","04"
"YUKFONG","04"
"YUKHA","04"
"YUKHING","04"
"YUKI","05"
"YUKIE","05"
"YUKIKO","05"
"YUKIMI","05"
"YUKINO","05"
"YUKIYE","05"
"YUKIYO","05"
"YUKKAM","04"
"YUKKING","04"
"YUKKUEN","04"
"YUKLAN","04"
"YUKLIN","04"
"YUKLING","04"
"YUKO","05"
"YUKPING","04"
"YUKSIM","04"
"YUKU","05"
"YUKUEI","04"
"YUKUN","04"
"YUKWAN","04"
"YUKYIN","04"
"YUKYING","04"
"YUL","08"
"YULAN","04"
"YULI","04"
"YULIAN","04"
"YULIANG","04"
"YULIEN","04"
"YULIN","04"
"YULING","04"
"YUMAN","04"
"YUMEI","04"
"YUMI","05"
"YUMIE","05"
"YUMIKO","05"
"YUMIN","04"
"YUMING","04"
"YUN","04"
"YUNCHEN","04"
"YUNCHIN","04"
"YUNCHING","04"
"YUNCHU","04"
"YUNFANG","04"
"YUNFEN","04"
"YUNFONG","04"
"YUNGAE","08"
"YUNGCHIN","04"
"YUNGCHING","04"
"YUNGFANG","04"
"YUNGHSUEH","04"
"YUNHSIA","04"
"YUNHUA","04"
"YUNHWA","04"
"YUNJA","08"
"YUNLAN","04"
"YUNLIEN","04"
"YUNLIN","04"
"YUNLING","04"
"YUNMEI","04"
"YUNMING","04"
"YUNOK","08"
"YUNPING","04"
"YUNQIN","04"
"YUNQING","04"
"YUNSOON","08"
"YUNU","04"
"YUNWEN","04"
"YUNXIA","04"
"YUNXIAN","04"
"YUNYING","04"
"YUNYU","04"
"YUNZHEN","04"
"YUNZHI","04"
"YUNZHU","04"
"YUP","04"
"YUPING","04"
"YUQIN","04"
"YUQING","04"
"YUQIONG","04"
"YURI","05"
"YURIE","05"
"YURIKO","05"
"YURONG","04"
"YURU","04"
"YUSHAN","04"
"YUSHENG","04"
"YUSHU","04"
"YUSIN","04"
"YUSOON","08"
"YUSUI","04"
"YUSUN","08"
"YUT","04"
"YUTAKA","05"
"YUTAO","04"
"YUTI","04"
"YUTING","04"
"YUTSAI","04"
"YUUKO","05"
"YUWEN","04"
"YUXIA","04"
"YUXIAN","04"
"YUXIANG","04"
"YUXIN","04"
"YUXIU","04"
"YUYEH","04"
"YUYEN","04"
"YUYI","04"
"YUYIN","04"
"YUYING","04"
"YUYU","04"
"YUYUAN","04"
"YUYUN","04"
"YUZHEN","04"
"YUZHI","04"
"YUZHU","04"
"YVET","04"
"ZAHEDA","15"
"ZAI","04"
"ZAIB","15"
"ZAIBUN","15"
"ZAIBUNNISA","15"
"ZAITOON","15"
"ZAKIRA","15"
"ZAO","04"
"ZARIN","15"
"ZAVERBEN","15"
"ZE","04"
"ZEBUNNISA","15"
"ZEN","04"
"ZENG","04"
"ZENH","10"
"ZHAN","04"
"ZHANG","04"
"ZHAO","04"
"ZHAOXIAN","04"
"ZHAOYI","04"
"ZHAOZHEN","04"
"ZHE","04"
"ZHEN","04"
"ZHENG","04"
"ZHENHUA","04"
"ZHENKUN","04"
"ZHENMEI","04"
"ZHENRU","04"
"ZHENYING","04"
"ZHENYU","04"
"ZHENZHEN","04"
"ZHENZHU","04"
"ZHI","04"
"ZHIFANG","04"
"ZHIFEN","04"
"ZHIHUA","04"
"ZHIHUI","04"
"ZHIJIAN","04"
"ZHIJIE","04"
"ZHIJUN","04"
"ZHILAN","04"
"ZHILING","04"
"ZHIMEI","04"
"ZHIMIN","04"
"ZHIMING","04"
"ZHIPING","04"
"ZHIQIN","04"
"ZHIQING","04"
"ZHIWEN","04"
"ZHIXIAN","04"
"ZHIYING","04"
"ZHIYUAN","04"
"ZHIYUN","04"
"ZHIZHEN","04"
"ZHONG","04"
"ZHONGHUA","04"
"ZHONGYING","04"
"ZHOU","04"
"ZHU","04"
"ZHUAN","04"
"ZHUANG","04"
"ZHUJUN","04"
"ZHUO","04"
"ZI","04"
"ZIHUA","04"
"ZING","04"
"ZIYI","04"
"ZIYING","04"
"ZIZHEN","04"
"ZONG","04"
"ZONGYING","04"
"ZORAHAYDA","06"
"ZOSIMA","06"
"ZU","04"
"ZUBEDA","15"
"ZUBEIDA","15"
"ZUI","04"
"ZULAIKHA","15"
"ZULEKHA","15"
"ZUN","04"
"ZUNG","04"
"ZUO","04"
"ZUYING","04"
